ref_catastral,codigo_uso,pc_31,valor_control,sup_bi
14900A06900043,M,,0,369509
14900A06900034,M,,0,337128
14900A08600079,M,,0,335822
14900A08600007,M,,0,267214
14900A08600004,M,,0,223591
14900A07700018,M,,0,206670
14900A00200004,M,,0,200766
14900A06900042,M,,0,192926
0866401UG4806N,M,,0,152949
14900A07900028,M,,0,138212
14900A07700007,M,,0,135836
14900A06900003,M,,0,131709
14900A07700014,M,,0,104761
14900A10800193,M,,0,100206
14900A06900040,M,,0,99304
14900A06900010,M,,0,94578
14900A10800198,M,,0,92629
14900A10900090,M,,0,91777
9237501UG3993N,M,,0,91274
8281101UG4988S,M,,0,90000
14900A10100139,M,,0,86734
14900A07900025,M,,0,82853
2720512UH5022S,M,,0,74514
14900A06900004,M,,0,71789
14900A10900059,M,,0,71120
14900A10200023,M,,0,67348
14900A10900051,M,,0,67046
14900A09900054,M,,0,61052
14900A10800056,M,,0,58596
4424001UG4942S,M,,0,56797
5292404UG5959S,M,,0,51750
14900A08600062,M,,0,50082
14900A10900085,M,,0,49463
14900A10700113,M,,0,46408
1770603UG4917S,M,,0,45934
14900A01600062,M,,0,44923
14900A08600080,M,,0,44718
14900A11100007,M,,0,44341
9918178UG3991N,M,,0,43282
8043135UH3084S,M,,0,42941
14900A06800075,M,,0,41211
14900A01600061,M,,0,40700
14900A10800412,M,,0,40020
2208601UG3910N,M,,0,39999
14900A07700005,M,,0,39608
8875101UG4987N,M,,0,39380
0248901UG4904N,M,,0,36437
000110400UG69H,M,,0,36411
14900A07600132,M,,0,35714
9272601UG4997S,M,,0,34307
1138503UG4913N,M,,0,34213
14900A10800031,M,,0,33075
9803604UG2990S,M,,0,32836
14900A10800313,M,,0,32822
0637202UG4903N,M,,0,32369
14900A10800030,M,,0,31744
14900A10900056,M,,0,31213
0856101UG4805N,M,,0,30207
14900A01600016,M,,0,29552
14900A10900050,M,,0,29091
14900A01600015,M,,0,28570
14900A10100141,M,,0,28256
14900A10800032,M,,0,28089
4221302UG4942S,M,,0,27407
8068928UG4986N,M,,0,26882
1909314UG4910N,M,,0,26749
14900A10900082,M,,0,26625
1866901UG4916N,M,,0,25841
14900A08000069,M,,0,25774
1168101UG4916N,M,,0,25682
14900A10100140,M,,0,25409
9341101UG3994S,M,,0,24497
2608923UH4020N,M,,0,24407
2301608UH3020S,M,,0,24338
14900A10900029,M,,0,23920
0552401UG4905S,M,,0,23914
14900A10200040,M,,0,23705
14900A10900071,M,,0,23034
2191107UG4929S,M,,0,22829
3927610UG3932N,M,,0,22739
14900A07900029,M,,0,22624
14900A07900033,M,,0,22572
8765101UG4986N,M,,0,22400
8139201UH3083N,M,,0,21963
1770604UG4917S,M,,0,21607
14900A08000059,M,,0,21566
14900A10800029,M,,0,21376
1060101UG4816S,M,,0,21187
8068909UG4986N,M,,0,20684
14900A09900079,M,,0,20394
14900A07700023,M,,0,20390
14900A00500068,M,,0,19707
9803603UG2990S,M,,0,19569
14900A10900330,M,,0,19497
0651901UG4905S,M,,0,19407
14900A06800014,M,,0,19276
14900A01600052,M,,0,19272
14900A07300091,M,,0,17898
14900A06800165,M,,0,17757
2863801UG4926S,M,,0,17732
0657201UG4905N,M,,0,17401
1205804UG3910S,M,,0,17247
1169501UG4916N,M,,0,16842
14900A08200029,M,,0,16729
14900A01600138,M,,0,16502
14900A10900342,M,,0,16370
14900A10100065,M,,0,16299
14900A10900080,M,,0,16268
14900A10900058,M,,0,15687
4706024UG3940N,M,,0,15593
14900A08600036,M,,0,15520
2029813UG4922N,M,,0,15480
4295502UG5949N,M,,0,15294
1806509UG3910N,M,,0,15215
5894201UG4959S,M,,0,15192
5382107UG4958S,M,,0,15100
3222093UH5032S,M,,0,14766
2348501UG4924N,M,,0,14761
9856701UG3995N,M,,0,14608
14900A10200025,M,,0,14601
6106301UH4060N,M,,0,14551
14900A07600133,M,,0,14523
0951601UG4905S,M,,0,14407
14900A10800033,M,,0,14209
8880104UG4988S,M,,0,14163
7358001UG4975N,M,,0,14059
000110200UG69H,M,,0,13976
14900A10200148,M,,0,13942
14900A10900083,M,,0,13877
4295504UG5949N,M,,0,13677
14900A07600078,M,,0,13634
14900A07700006,M,,0,13523
4706001UG3940N,M,,0,13415
7736601UG3973N,M,,0,13410
14900A10900072,M,,0,13395
4221303UG4942S,M,,0,13296
2029805UG4922N,M,,0,13200
0248902UG4904N,M,,0,12963
14900A10800028,M,,0,12626
9274801UG4997S,M,,0,12600
3029802UH5022N,M,,0,12574
14900A10100180,M,,0,12549
8513201UH3081S,M,,0,12492
14900A08600002,M,,0,12441
0152401UG4905S,M,,0,12300
6004601UH3060S,M,,0,12261
0405704UG3900N,M,,0,12250
1534701UG4913S,M,,0,12182
14900A10200038,M,,0,12044
14900A11000096,M,,0,12027
0804801UG3900S,M,,0,12024
14900A07600098,M,,0,12001
8271601UG4987S,M,,0,12000
0659002UG4905N,M,,0,11994
1732502UG4913S,M,,0,11993
14900A10900047,M,,0,11915
14900A08000206,M,,0,11898
000110300UG69H,M,,0,11838
9138801UG3993N,M,,0,11634
14900A01600060,M,,0,11573
14900A09900074,M,,0,11491
9239901UG3993N,M,,0,11490
9339301UG3993N,M,,0,11490
9941801UG3994S,M,,0,11348
1909310UG4910N,M,,0,11346
14900A10900062,M,,0,11223
8880102UG4988S,M,,0,11103
0042102UG4904S,M,,0,10996
6048201UG4964N,M,,0,10980
4361901UG4946S,M,,0,10836
9964305UG3996S,M,,0,10807
3277709UG4937N,M,,0,10660
14900A09000085,M,,0,10622
0554406UG4805S,M,,0,10580
4238901UG4943N,M,,0,10529
4279011UH4047N,M,,0,10470
0250501UG4905S,M,,0,10439
1467901UG4916N,M,,0,10426
1566601UG4916N,M,,0,10346
1788732UG4918N,M,,0,10338
3622706UG4932S,M,,0,10309
14900A07700126,M,,0,10286
2486507UG4928N,M,,0,10240
14900A08000017,M,,0,10212
4976501UH4057N,M,,0,10114
8940401UG3984S,M,,0,10061
0554407UG4805S,M,,0,10006
0991701UG4919S,M,,0,10000
1588117UG4918N,M,,0,10000
5397114UG4959N,M,,0,10000
8558312UG4985N,M,,0,10000
14900A10900028,M,,0,9929
8007709UH3080N,M,,0,9872
2724102UH5022S,M,,0,9857
0905901UG3900N,M,,0,9849
14900A09900075,M,,0,9838
2720601UG4922S,M,,0,9778
14900A11000111,M,,0,9623
2110801UG4921S,M,,0,9485
9952503UG3995S,M,,0,9485
2773395UG4927S,M,,0,9464
2773397UG4927S,M,,0,9464
0763101UG4806S,M,,0,9405
14900A10900086,M,,0,9349
0554402UG4805S,M,,0,9289
1770602UG4917S,M,,0,9218
2107701UG3910N,M,,0,9211
0763106UG4806S,M,,0,9193
8472301UG4987S,M,,0,9192
3617901UG4931N,M,,0,9191
1767101UG4916N,M,,0,9147
14900A10900081,M,,0,9073
0954601UG4905S,M,,0,9012
0554404UG4805S,M,,0,8951
1635301UG4913N,M,,0,8884
4137301UG4943N,M,,0,8878
0559901UG4905N,M,,0,8812
6198201UG4969N,M,,0,8797
0661108UG4806S,M,,0,8759
14900A08600074,M,,0,8718
0661109UG4806S,M,,0,8665
1288912UG4918N,M,,0,8586
2211805UG4921S,M,,0,8542
3718101UG4931N,M,,0,8537
8069801UG4986N,M,,0,8497
0150301UG4905S,M,,0,8433
14900A10900285,M,,0,8390
2588211UG4928N,M,,0,8363
3100601UH5030S,M,,0,8346
6199301UG4969N,M,,0,8316
9140201UG3994S,M,,0,8302
5188108UG4958N,M,,0,8270
0661101UG4806S,M,,0,8263
14900A10200096,M,,0,8242
2108220UH3020N,M,,0,8199
0249501UG4904N,M,,0,8180
5694101UG4959S,M,,0,8175
0043702UG4904S,M,,0,8143
1567701UG4916N,M,,0,8130
0458115UG4805N,M,,0,8106
8115310UH3081N,M,,0,8051
0458117UG4805N,M,,0,8046
9338401UG3993N,M,,0,8044
2724101UH5022S,M,,0,8034
0458101UG4805N,M,,0,8031
8595801UG4985N,M,,0,8000
0458116UG4805N,M,,0,7983
5249518UG4954N,M,,0,7945
14900A07700017,M,,0,7896
0458113UG4805N,M,,0,7883
3622704UG4932S,M,,0,7847
0049201UG4904N,M,,0,7760
8611807UH3081S,M,,0,7738
1568501UG4916N,M,,0,7728
2108502UH5020N,M,,0,7687
3874401UG4937S,M,,0,7675
2826203UH5022N,M,,0,7662
1187625UG4918N,M,,0,7632
14900A10700112,M,,0,7624
1265601UG4916N,M,,0,7612
1462201UG4916S,M,,0,7558
0458114UG4805N,M,,0,7538
8561103UG4986S,M,,0,7499
0048201UG4904N,M,,0,7496
14900A10900281,M,,0,7491
14900A10900268,M,,0,7459
0659001UG4905N,M,,0,7417
1766101UG4916N,M,,0,7321
1909309UG4910N,M,,0,7231
3503901UH5030S,M,,0,7213
1540401UG4914S,M,,0,7203
0782619UG4908S,M,,0,7193
8262309UG4986S,M,,0,7193
0210806UH4001S,M,,0,7187
14900A07700059,M,,0,7172
0156403UG4805N,M,,0,7166
7459701UG4975N,M,,0,7158
2336301UG4923N,M,,0,7148
0210817UH4001S,M,,0,7140
6211905UG3961S,M,,0,7132
14900A08000072,M,,0,7112
3116301UG4931N,M,,0,7105
0141201UG4904S,M,,0,7085
9955803UG3995N,M,,0,7039
1705101UG4910N,M,,0,7028
14900A08600067,M,,0,7007
0021106000009S,M,,0,7000
14900A10900352,M,,0,7000
14900A08600005,M,,0,6990
0156404UG4805N,M,,0,6989
5196109UG4959N,M,,0,6975
5093808UG4959S,M,,0,6961
8938902UG3983N,M,,0,6927
1646812UG4914N,M,,0,6926
0156402UG4805N,M,,0,6884
0249502UG4904N,M,,0,6865
2029821UG4922N,M,,0,6828
2029816UG4922N,M,,0,6813
4295505UG5949N,M,,0,6801
0355104UG4805N,M,,0,6791
4697305UG5949N,M,,0,6787
0054301UG4905S,M,,0,6757
14900A00500056,M,,0,6757
3300001UH5030S,M,,0,6735
0753401UG4805S,M,,0,6721
2609307UH5020N,M,,0,6719
7835201UG3973N,M,,0,6705
7835202UG3973N,M,,0,6705
8776601UG4987N,M,,0,6676
0557202UG4905N,M,,0,6620
2153701UG4925S,M,,0,6519
5645401UG4954N,M,,0,6500
2009101UG3910N,M,,0,6477
2999204UG5929N,M,,0,6458
001800100UH50C,M,,0,6450
5794301UG4959S,M,,0,6447
3216101UG4931N,M,,0,6441
2050803UG4925S,M,,0,6326
2309528UG4920N,M,,0,6322
0156401UG4805N,M,,0,6316
3301801UH5030S,M,,0,6315
0521906UG4902S,M,,0,6279
2259705UG4925N,M,,0,6273
14900A10900055,M,,0,6257
1979504UG4917N,M,,0,6249
14900A11000094,M,,0,6206
0355105UG4805N,M,,0,6201
7615219UH3071N,M,,0,6200
0359106UG4805N,M,,0,6151
3222036UH5032S,M,,0,6145
14900A10200099,M,,0,6121
14900A10200123,M,,0,6117
0355106UG4805N,M,,0,6114
9110913UH3091S,M,,0,6092
0850701UG4905S,M,,0,6051
0564602UG4806S,M,,0,6033
5796901UG4959N,M,,0,6033
14900A10900053,M,,0,6024
1294603UG4919S,M,,0,6010
14900A10900215,M,,0,6005
2872121UG4927S,M,,0,6000
6286102UG4968N,M,,0,6000
0564604UG4806S,M,,0,5940
6720601UG3962S,M,,0,5927
9951501UG3995S,M,,0,5914
14900A11000090,M,,0,5911
9110908UH3091S,M,,0,5874
3807914UG3930N,M,,0,5847
9165101UG4996N,M,,0,5838
14900A07300082,M,,0,5804
2494313UG5929S,M,,0,5789
5040601UG4954N,M,,0,5762
0355101UG4805N,M,,0,5758
5996601UG4959N,M,,0,5752
0359101UG4805N,M,,0,5749
3222066UH5032S,M,,0,5747
2301601UH3020S,M,,0,5741
7615203UH3071N,M,,0,5734
1356303UG4915N,M,,0,5716
0359109UG4805N,M,,0,5691
0359110UG4805N,M,,0,5684
4769004UH4046N,M,,0,5681
0355102UG4805N,M,,0,5666
4769003UH4046N,M,,0,5666
0851203UG4905S,M,,0,5652
0359105UG4805N,M,,0,5649
5083102UG4958S,M,,0,5640
0564603UG4806S,M,,0,5631
9950503UG3995S,M,,0,5602
9658012UG4995N,M,,0,5600
2309521UG4920N,M,,0,5598
0359108UG4805N,M,,0,5580
0567603UG4806N,M,,0,5578
0462106UG4806S,M,,0,5560
14900A06800077,M,,0,5559
0359104UG4805N,M,,0,5533
0359103UG4805N,M,,0,5527
3126703UG4932N,M,,0,5518
0451901UG4905S,M,,0,5510
1890504UG4919S,M,,0,5500
0462101UG4806S,M,,0,5498
0462105UG4806S,M,,0,5494
0564601UG4806S,M,,0,5483
14900A03000002,M,,0,5481
0451902UG4905S,M,,0,5474
3116007UH5031N,M,,0,5461
0462103UG4806S,M,,0,5443
2153301UG4925S,M,,0,5429
0359102UG4805N,M,,0,5427
0462104UG4806S,M,,0,5426
1789301UG4918N,M,,0,5422
14900A10800141,M,,0,5379
9803601UG2990S,M,,0,5354
8776602UG4987N,M,,0,5350
9803605UG2990S,M,,0,5342
0658121UG4805N,M,,0,5328
0313101UH4001S,M,,0,5310
8109419UH3080N,M,,0,5282
8913923UH3081S,M,,0,5281
1187627UG4918N,M,,0,5278
3365101UG4936N,M,,0,5240
7517605UH3071N,M,,0,5231
3029801UH5022N,M,,0,5228
2859702UG4925N,M,,0,5198
9110924UH3091S,M,,0,5184
1812802UG4911S,M,,0,5178
0758129UG4805N,M,,0,5173
14900A10900224,M,,0,5155
2309515UG4920N,M,,0,5150
0355103UG4805N,M,,0,5147
2860202UG4926S,M,,0,5138
1204201UG3910S,M,,0,5131
0462102UG4806S,M,,0,5110
0759703UG4905N,M,,0,5087
0759704UG4905N,M,,0,5087
14900A08000205,M,,0,5086
3225512UG4932N,M,,0,5085
8635101UH3083N,M,,0,5073
3758202UG4935N,M,,0,5071
8880105UG4988S,M,,0,5050
0757903UG4905N,M,,0,5042
3976101UG4937N,M,,0,5028
0313203UG3901S,M,,0,4996
0359107UG4805N,M,,0,4992
0149301UG4904N,M,,0,4991
3401201UH5030S,M,,0,4940
2225603UG4922N,M,,0,4932
5061301UG4956S,M,,0,4922
14900A10200117,M,,0,4921
2770601UG4927S,M,,0,4912
6212503UG3961S,M,,0,4908
8140407UG3984S,M,,0,4845
8241808UG3984S,M,,0,4845
14900A08000071,M,,0,4828
9108202UH3090N,M,,0,4822
4673033UH4047S,M,,0,4818
14900A10900240,M,,0,4797
0255002UG4905N,M,,0,4787
3554125UG4935S,M,,0,4759
0607107UG3900N,M,,0,4751
14900A10700103,M,,0,4730
4215010UG3941N,M,,0,4722
1744801UG4914S,M,,0,4715
9258002UG4995N,M,,0,4715
9851601UG3995S,M,,0,4711
2616304UG4921N,M,,0,4687
1204601UG3910S,M,,0,4682
2259703UG4925N,M,,0,4671
3222037UH5032S,M,,0,4665
8376401UG4987N,M,,0,4660
8376402UG4987N,M,,0,4660
8376403UG4987N,M,,0,4660
14900A09200041,M,,0,4659
2259704UG4925N,M,,0,4659
0454902UG4905S,M,,0,4655
0853101UG4905S,M,,0,4635
5141604UG4954S,M,,0,4635
8140405UG3984S,M,,0,4628
2049102UG4914N,M,,0,4626
4163704UG4946S,M,,0,4614
8609402UH3080N,M,,0,4600
1836102UG4913N,M,,0,4561
2393101UG5929S,M,,0,4556
2625009UH5022N,M,,0,4545
1294615UG4919S,M,,0,4538
14900A11000110,M,,0,4530
14900A07600782,M,,0,4505
4668104UG3946N,M,,0,4500
8913927UH3081S,M,,0,4500
9110904UH3091S,M,,0,4500
3927612UG3932N,M,,0,4494
2108219UH3020N,M,,0,4490
9964304UG3996S,M,,0,4478
2872120UG4927S,M,,0,4473
0149302UG4904N,M,,0,4472
9863109UG4996S,M,,0,4461
1304201UG3910S,M,,0,4422
1934914UG4913S,M,,0,4415
3758201UG4935N,M,,0,4363
14900A10700111,M,,0,4362
8866313UG4986N,M,,0,4355
1304501UG3910S,M,,0,4348
1639802UG4913N,M,,0,4345
1404401UG3910S,M,,0,4337
2437501UG4923N,M,,0,4321
14900A11000112,M,,0,4294
14900A08600006,M,,0,4278
1640101UG4914S,M,,0,4270
1659701UG4915N,M,,0,4262
14900A10800050,M,,0,4259
9040302UG3994S,M,,0,4257
4371702UG4947S,M,,0,4239
8136102UG3983N,M,,0,4236
8136103UG3983N,M,,0,4236
0254301UG4905S,M,,0,4219
0154301UG4905S,M,,0,4217
0354401UG4905S,M,,0,4217
0354402UG4905S,M,,0,4217
0154302UG4905S,M,,0,4216
2584602UG4928S,M,,0,4204
14900A10900079,M,,0,4203
5292401UG5959S,M,,0,4200
2552701UG4925S,M,,0,4198
1164114UG4816S,M,,0,4193
14900A10900073,M,,0,4186
8368651UG4986N,M,,0,4183
0254302UG4905S,M,,0,4175
14900A10809026,M,,0,4166
4697310UG5949N,M,,0,4150
0341402UG4904S,M,,0,4140
1187620UG4918N,M,,0,4107
5292412UG5959S,M,,0,4100
14900A10900077,M,,0,4095
2860203UG4926S,M,,0,4092
3596003UG3939N,M,,0,4088
0529205UG4902N,M,,0,4079
4295503UG5949N,M,,0,4077
0759702UG4905N,M,,0,4069
0759705UG4905N,M,,0,4069
14900A10700110,M,,0,4054
7119806UG3971N,M,,0,4046
0757904UG4905N,M,,0,4040
2049101UG4914N,M,,0,4036
3495088UG3939N,M,,0,4036
1105301UG3910N,M,,0,4032
1105401UG3910N,M,,0,4032
1205701UG3910N,M,,0,4032
1206901UG3910N,M,,0,4032
1306101UG3910N,M,,0,4032
1306601UG3910N,M,,0,4032
1406101UG3910N,M,,0,4032
8776603UG4987N,M,,0,4022
4882113UG4948S,M,,0,4021
3971801UG4937S,M,,0,4019
2586865UG4928N,M,,0,4004
6194104UG4969S,M,,0,4004
001000100UH40C,M,,0,4000
14900A10200097,M,,0,4000
1806507UG3910N,M,,0,4000
3121009UH5032S,M,,0,4000
3365501UG4936N,M,,0,4000
3995034UG3939N,M,,0,4000
5169005UG3956N,M,,0,4000
5647703UG4954N,M,,0,4000
1445203UG4914N,M,,0,3990
14900A01600122,M,,0,3990
5397108UG4959N,M,,0,3990
5495112UG4959N,M,,0,3987
7932220UG3973S,M,,0,3987
1806508UG3910N,M,,0,3981
9851241UG4995S,M,,0,3980
14900A10900074,M,,0,3975
3516205UG4931N,M,,0,3970
9809517UG2990N,M,,0,3961
14900A10900078,M,,0,3945
6200501UH4060S,M,,0,3943
5397111UG4959N,M,,0,3900
7560503UG4976S,M,,0,3888
9918180UG3991N,M,,0,3875
0567602UG4806N,M,,0,3871
14900A06800076,M,,0,3854
5274412UH4057S,M,,0,3854
5196103UG4959N,M,,0,3850
0141204UG4904S,M,,0,3827
5249514UG4954N,M,,0,3826
5694166UG4959S,M,,0,3807
0458112UG4805N,M,,0,3805
0411713UG3901S,M,,0,3764
1138504UG4913N,M,,0,3762
4869006UH4046N,M,,0,3760
0751902UG4905S,M,,0,3755
4376012UH4047N,M,,0,3748
9955802UG3995N,M,,0,3745
8072401UG4987S,M,,0,3721
9809525UG2990N,M,,0,3721
14900A10200102,M,,0,3708
6211908UG3961S,M,,0,3685
2082716UG4928S,M,,0,3677
2082717UG4928S,M,,0,3677
2501801UH3020S,M,,0,3653
4673036UH4047S,M,,0,3638
1261501UG4916S,M,,0,3636
2720602UG4922S,M,,0,3632
9873069UG3997S,M,,0,3631
4673029UH4047S,M,,0,3630
7315503UH3071N,M,,0,3630
1187622UG4918N,M,,0,3613
3482722UG4938S,M,,0,3600
14900A10800197,M,,0,3590
8602403UH3080S,M,,0,3584
0567613UG4806N,M,,0,3580
4673009UH4047S,M,,0,3556
2973512UG4927S,M,,0,3555
1065117UG4816N,M,,0,3547
14900A10900027,M,,0,3544
4170901UG4947S,M,,0,3544
0049203UG4904N,M,,0,3535
0049202UG4904N,M,,0,3530
6200504UH4060S,M,,0,3517
0611107UG3901S,M,,0,3515
3398202UG3939N,M,,0,3513
4231234UG3943S,M,,0,3507
2014822UG4921S,M,,0,3498
8606209UH3080N,M,,0,3491
8537402UG3983N,M,,0,3484
2720608UG4922S,M,,0,3475
14900A10200125,M,,0,3471
14900A10900338,M,,0,3463
0122913UG4902S,M,,0,3450
0904201UG3910S,M,,0,3436
0141202UG4904S,M,,0,3431
2058101UG4925N,M,,0,3425
4364801UG4946S,M,,0,3419
2608906UH4020N,M,,0,3406
1187623UG4918N,M,,0,3402
8210405UH3081S,M,,0,3402
4910901UG3941S,M,,0,3382
7714037UG3971S,M,,0,3382
9750155UG4995S,M,,0,3375
1294614UG4919S,M,,0,3370
2714062UH5021S,M,,0,3365
2773308UG4927S,M,,0,3362
7741115UH3074S,M,,0,3348
2613908UH4021S,M,,0,3343
8038613UG3983N,M,,0,3343
3597004UG3939N,M,,0,3342
2720513UH5022S,M,,0,3337
1934902UG4913S,M,,0,3336
6720619UG3962S,M,,0,3331
3836606UG4933N,M,,0,3330
3622707UG4932S,M,,0,3326
0255001UG4905N,M,,0,3322
2716010UH5021N,M,,0,3310
8347120UH3084N,M,,0,3299
2720514UH5022S,M,,0,3290
9108209UH3090N,M,,0,3290
1948801UG4914N,M,,0,3289
14900A10800273,M,,0,3284
8606206UH3080N,M,,0,3283
2719902UG4921N,M,,0,3282
1187614UG4918N,M,,0,3278
3554117UG4935S,M,,0,3261
4671003UH4047S,M,,0,3254
1187613UG4918N,M,,0,3252
3222028UH5032S,M,,0,3245
3080723UG4938S,M,,0,3244
4428701UG4942N,M,,0,3236
8007703UH3080N,M,,0,3226
1447702UG4914N,M,,0,3200
9658001UG4995N,M,,0,3200
2667304UG4926N,M,,0,3199
4673040UH4047S,M,,0,3196
3221007UH5032S,M,,0,3192
000400400UH30B,M,,0,3175
9950502UG3995S,M,,0,3163
7119820UG3971N,M,,0,3159
1187619UG4918N,M,,0,3157
2301607UH3020S,M,,0,3155
5382122UG4958S,M,,0,3152
8013302UH3081S,M,,0,3150
2613907UH4021S,M,,0,3143
4329625UG3942N,M,,0,3139
3370207UG4937S,M,,0,3136
8213413UH3081S,M,,0,3136
3295101UG3939N,M,,0,3134
4667903UG4946N,M,,0,3134
0053302UG4905S,M,,0,3132
8109416UH3080N,M,,0,3132
0153301UG4905S,M,,0,3130
0153302UG4905S,M,,0,3130
0253301UG4905S,M,,0,3130
0253302UG4905S,M,,0,3130
0351401UG4905S,M,,0,3130
0353401UG4905S,M,,0,3130
0353402UG4905S,M,,0,3130
7119829UG3971N,M,,0,3126
5794302UG4959S,M,,0,3123
14900A11000098,M,,0,3108
4407901UG3940N,M,,0,3108
0751901UG4905S,M,,0,3106
2805107UG4920N,M,,0,3105
6286106UG4968N,M,,0,3103
7004022UG3970S,M,,0,3102
8115306UH3081N,M,,0,3102
0053301UG4905S,M,,0,3098
0151301UG4905S,M,,0,3090
2608904UH4020N,M,,0,3090
7517609UH3071N,M,,0,3090
2112007UH5021S,M,,0,3085
2720507UH5022S,M,,0,3085
2608920UH4020N,M,,0,3080
7020104UG3972S,M,,0,3077
2608915UH4020N,M,,0,3074
8558311UG4985N,M,,0,3070
7714002UG3971S,M,,0,3066
8513215UH3081S,M,,0,3061
8513216UH3081S,M,,0,3061
2805103UG4920N,M,,0,3060
2805104UG4920N,M,,0,3060
2301603UH3020S,M,,0,3056
3009204UH5030N,M,,0,3056
3108501UH5030N,M,,0,3056
8347111UH3084N,M,,0,3056
2608917UH4020N,M,,0,3055
2214702UH4021S,M,,0,3050
8648502UH3084N,M,,0,3047
3495039UG3939N,M,,0,3043
1806301UH3010N,M,,0,3040
2709307UH4020N,M,,0,3040
0151302UG4905S,M,,0,3038
3222009UH5032S,M,,0,3038
7119819UG3971N,M,,0,3036
0758103UG4805N,M,,0,3035
0309822UG3901S,M,,0,3032
7119833UG3971N,M,,0,3031
9114102UH3091S,M,,0,3031
2006911UH3020N,M,,0,3030
1806302UH3010N,M,,0,3029
9110912UH3091S,M,,0,3018
14900A10400069,M,,0,3015
0637214UG4903N,M,,0,3008
8210409UH3081S,M,,0,3008
14900A08000101,M,,0,3005
0057108UG4805N,M,,0,3003
5683103UG4958S,M,,0,3003
2608916UH4020N,M,,0,3002
1196611UG4919N,M,,0,3001
1485102UG4918N,M,,0,3001
0122011UG4902S,M,,0,3000
1187626UG4918N,M,,0,3000
1196608UG4919N,M,,0,3000
1294611UG4919S,M,,0,3000
14900A09900042,M,,0,3000
14900A10800281,M,,0,3000
2214704UH4021S,M,,0,3000
2215101UH4021N,M,,0,3000
2215102UH4021N,M,,0,3000
2215104UH4021N,M,,0,3000
2412905UH4021S,M,,0,3000
2512701UH4021S,M,,0,3000
2512705UH4021S,M,,0,3000
2512708UH4021S,M,,0,3000
2608903UH4020N,M,,0,3000
2613901UH4021S,M,,0,3000
2613902UH4021S,M,,0,3000
2613904UH4021S,M,,0,3000
2613913UH4021S,M,,0,3000
2625017UH5022N,M,,0,3000
2709302UH4020N,M,,0,3000
2709303UH4020N,M,,0,3000
2709304UH4020N,M,,0,3000
2709306UH4020N,M,,0,3000
2714006UH5021S,M,,0,3000
2714007UH5021S,M,,0,3000
2714009UH5021S,M,,0,3000
2714010UH5021S,M,,0,3000
2999201UG5929N,M,,0,3000
3495005UG3939N,M,,0,3000
4667406UG3946N,M,,0,3000
4668108UG3946N,M,,0,3000
4770121UG3947S,M,,0,3000
4770123UG3947S,M,,0,3000
4770126UG3947S,M,,0,3000
4969306UG3946N,M,,0,3000
6485113UG4968N,M,,0,3000
7413402UH3071S,M,,0,3000
7814013UG3971S,M,,0,3000
8109423UH3080N,M,,0,3000
8109426UH3080N,M,,0,3000
8858007UG4985N,M,,0,3000
8906912UH3090N,M,,0,3000
8913930UH3081S,M,,0,3000
8932702UH3083S,M,,0,3000
9005205UH3090N,M,,0,3000
9161117UG4996S,M,,0,3000
9207102UG3090N,M,,0,3000
9260115UG4996S,M,,0,3000
9260117UG4996S,M,,0,3000
9260120UG4996S,M,,0,3000
9951502UG3995S,M,,0,3000
8606213UH3080N,M,,0,2998
7119831UG3971N,M,,0,2995
7218715UG3971N,M,,0,2995
0309812UG3901S,M,,0,2992
9260114UG4996S,M,,0,2990
0758128UG4805N,M,,0,2985
2006910UH3020N,M,,0,2984
2004305UH3020S,M,,0,2980
8513213UH3081S,M,,0,2980
6089504UG4968N,M,,0,2978
2259706UG4925N,M,,0,2972
3706708UG3930N,M,,0,2971
2714004UH5021S,M,,0,2970
2608910UH4020N,M,,0,2965
9110920UH3091S,M,,0,2961
8213414UH3081S,M,,0,2960
5892201UG4959S,M,,0,2959
1187611UG4918N,M,,0,2945
0411106UH4001S,M,,0,2940
1588116UG4918N,M,,0,2939
6720605UG3962S,M,,0,2935
1187617UG4918N,M,,0,2933
0763105UG4806S,M,,0,2930
2807601UG3920N,M,,0,2928
14900A10400068,M,,0,2925
0763103UG4806S,M,,0,2923
1890550UG4919S,M,,0,2918
4510429UG3941S,M,,0,2917
8145110UH3084N,M,,0,2915
0155302UG4905N,M,,0,2910
3222043UH5032S,M,,0,2907
0763104UG4806S,M,,0,2905
7614032UG3971S,M,,0,2905
2720515UH5022S,M,,0,2902
9110922UH3091S,M,,0,2895
7020107UG3972S,M,,0,2892
6797505UG3869N,M,,0,2890
83564A1UG4985N,M,,0,2887
2608912UH4020N,M,,0,2880
2773321UG4927S,M,,0,2880
4882104UG4948S,M,,0,2876
2108510UH5020N,M,,0,2874
9809524UG2990N,M,,0,2874
4969307UG3946N,M,,0,2870
0757905UG4905N,M,,0,2864
2006935UH3020N,M,,0,2862
8513214UH3081S,M,,0,2861
0951203UG4905S,M,,0,2855
0105101UG3900N,M,,0,2853
1187616UG4918N,M,,0,2845
4270401UG4947S,M,,0,2842
7020106UG3972S,M,,0,2837
2403502UH3020S,M,,0,2836
7642137UH3074S,M,,0,2834
1187615UG4918N,M,,0,2833
4424002UG4942S,M,,0,2832
5249519UG4954N,M,,0,2827
0551902UG4905S,M,,0,2826
0851201UG4905S,M,,0,2826
0851202UG4905S,M,,0,2826
0951202UG4905S,M,,0,2826
8834110UH3083S,M,,0,2825
2405302UH3020N,M,,0,2823
2405308UH3020N,M,,0,2822
14900A10800116,M,,0,2821
4910902UG3941S,M,,0,2816
5249517UG4954N,M,,0,2812
5292413UG5959S,M,,0,2811
0743701UG4904S,M,,0,2807
2004306UH3020S,M,,0,2807
2214703UH4021S,M,,0,2807
0465201UG4806N,M,,0,2806
2029822UG4922N,M,,0,2806
14900A07600121,M,,0,2803
5979125UG4957N,M,,0,2802
1934901UG4913S,M,,0,2800
4231242UG3943S,M,,0,2797
0611108UG3901S,M,,0,2794
0306604UG3900N,M,,0,2792
1187624UG4918N,M,,0,2791
7004017UG3970S,M,,0,2782
8834109UH3083S,M,,0,2777
0411103UH4001S,M,,0,2776
4231835UG3942N,M,,0,2776
2608909UH4020N,M,,0,2772
1706318UH3010N,M,,0,2770
2608913UH4020N,M,,0,2759
0105103UG3900N,M,,0,2758
4217002UG3941N,M,,0,2754
2625013UH5022N,M,,0,2753
0306605UG3900N,M,,0,2750
7937302UG3973N,M,,0,2750
2608914UH4020N,M,,0,2746
0306602UG3900N,M,,0,2744
14900A08000103,M,,0,2742
8109412UH3080N,M,,0,2734
4521106UG3942S,M,,0,2731
2405306UH3020N,M,,0,2727
0661107UG4806S,M,,0,2725
1890521UG4919S,M,,0,2722
0141203UG4904S,M,,0,2721
8069802UG4986N,M,,0,2720
1244202UG4914S,M,,0,2719
0306603UG3900N,M,,0,2716
4133710UG3942N,M,,0,2713
0057106UG4805N,M,,0,2702
14900A10800298,M,,0,2700
5694148UG4959S,M,,0,2697
0155301UG4905N,M,,0,2696
2608911UH4020N,M,,0,2689
8372301UG4987S,M,,0,2688
8372302UG4987S,M,,0,2688
8372303UG4987S,M,,0,2688
8372304UG4987S,M,,0,2688
8372305UG4987S,M,,0,2688
8372306UG4987S,M,,0,2688
8372307UG4987S,M,,0,2688
8372308UG4987S,M,,0,2688
8374901UG4987S,M,,0,2688
8374902UG4987S,M,,0,2688
8374903UG4987S,M,,0,2688
8374904UG4987S,M,,0,2688
8374907UG4987S,M,,0,2688
8374908UG4987S,M,,0,2688
8374909UG4987S,M,,0,2688
8374910UG4987S,M,,0,2688
14900A11000163,M,,0,2683
0658120UG4805N,M,,0,2677
14900A07600123,M,,0,2668
0753301UG4905S,M,,0,2662
8038616UG3983N,M,,0,2660
14900A11000087,M,,0,2659
0160112UG4806S,M,,0,2657
0309826UG3901S,M,,0,2657
0654801UG4905S,M,,0,2656
9812710UG2991S,M,,0,2653
0306607UG3900N,M,,0,2651
3317705UH5031N,M,,0,2646
8034802UG3983S,M,,0,2644
3794011UG3939S,M,,0,2640
7937303UG3973N,M,,0,2635
8537401UG3983N,M,,0,2630
0057105UG4805N,M,,0,2629
0411712UG3901S,M,,0,2629
1486104UG4918N,M,,0,2628
2610007UH5021S,M,,0,2622
0105102UG3900N,M,,0,2616
0567608UG4806N,M,,0,2615
7737202UG3973N,M,,0,2615
8038617UG3983N,M,,0,2611
8537404UG3983N,M,,0,2610
14900A09900051,M,,0,2608
8115315UH3081N,M,,0,2608
8140406UG3984S,M,,0,2608
6301901UH4060S,M,,0,2607
8210404UH3081S,M,,0,2605
0569106UG4806N,M,,0,2599
1914707UG4911S,M,,0,2599
1914712UG4911S,M,,0,2599
1914713UG4911S,M,,0,2599
8038602UG3983N,M,,0,2595
4231230UG3943S,M,,0,2591
2405311UH3020N,M,,0,2587
3807911UG3930N,M,,0,2586
0306608UG3900N,M,,0,2583
1934911UG4913S,M,,0,2582
0413403UG3901S,M,,0,2577
0661105UG4806S,M,,0,2574
9955801UG3995N,M,,0,2568
8834113UH3083S,M,,0,2564
0306606UG3900N,M,,0,2563
14900A11000095,M,,0,2560
4642812UG4944S,M,,0,2558
0105104UG3900N,M,,0,2557
0661103UG4806S,M,,0,2556
4133708UG3942N,M,,0,2556
8834107UH3083S,M,,0,2551
9950501UG3995S,M,,0,2551
0661106UG4806S,M,,0,2550
0661104UG4806S,M,,0,2549
8376404UG4987N,M,,0,2548
4133713UG3942N,M,,0,2547
0412206UG3901S,M,,0,2544
0569102UG4806N,M,,0,2541
4231837UG3942N,M,,0,2538
0057104UG4805N,M,,0,2533
0569104UG4806N,M,,0,2532
7737203UG3973N,M,,0,2528
0412203UG3901S,M,,0,2526
2826031UH5022N,M,,0,2526
8034801UG3983S,M,,0,2526
9809523UG2990N,M,,0,2524
9873003UG3997S,M,,0,2518
9809516UG2990N,M,,0,2517
3495061UG3939N,M,,0,2516
0306601UG3900N,M,,0,2515
7737201UG3973N,M,,0,2515
0009803UG3900N,M,,0,2514
0508408UG3900N,M,,0,2513
0569103UG4806N,M,,0,2512
0313202UG3901S,M,,0,2505
0309818UG3901S,M,,0,2503
0508411UG3900N,M,,0,2503
8834108UH3083S,M,,0,2503
0569105UG4806N,M,,0,2502
2108207UH3020N,M,,0,2502
8145108UH3084N,M,,0,2502
0111804UG3901S,M,,0,2500
0508413UG3900N,M,,0,2500
0508414UG3900N,M,,0,2500
8834103UH3083S,M,,0,2500
4215322UG3941N,M,,0,2495
14900A03000001,M,,0,2493
4922402UG3942S,M,,0,2483
8834111UH3083S,M,,0,2483
1388814UG4918N,M,,0,2480
0607108UG3900N,M,,0,2479
0405705UG3900N,M,,0,2475
0107204UG3900N,M,,0,2474
1257101UG4915N,M,,0,2471
14900A11000097,M,,0,2469
0105105UG3900N,M,,0,2467
8635137UH3083N,M,,0,2466
0661102UG4806S,M,,0,2460
9873028UG3997S,M,,0,2458
7560505UG4976S,M,,0,2457
1632804UG4913S,M,,0,2453
8347106UH3084N,M,,0,2452
2050801UG4925S,M,,0,2450
3274903UG4937S,M,,0,2441
3995017UG3939N,M,,0,2433
0458111UG4805N,M,,0,2430
1065116UG4816N,M,,0,2427
4215311UG3941N,M,,0,2425
0557205UG4905N,M,,0,2423
5343502UG4954S,M,,0,2423
9562816UG4996S,M,,0,2420
2134501UG4923S,M,,0,2417
8834112UH3083S,M,,0,2413
4373001UH4047S,M,,0,2410
2610009UH5021S,M,,0,2405
7935501UG3973N,M,,0,2405
1168102UG4916N,M,,0,2400
1565702UG4916N,M,,0,2400
7517602UH3071N,M,,0,2397
8109410UH3080N,M,,0,2397
6522608UG3962S,M,,0,2396
0411715UG3901S,M,,0,2393
0569101UG4806N,M,,0,2390
8834106UH3083S,M,,0,2389
1405401UG3910N,M,,0,2386
3516204UG4931N,M,,0,2385
0557208UG4905N,M,,0,2380
0763102UG4806S,M,,0,2380
14900A10800117,M,,0,2379
4215004UG3941N,M,,0,2379
0588701UG5908N,M,,0,2374
5274427UH4057S,M,,0,2366
8932707UH3083S,M,,0,2365
14900A10809032,M,,0,2356
0655303UG4905N,M,,0,2352
8913928UH3081S,M,,0,2350
5438815UG4953N,M,,0,2349
6331335UG3963S,M,,0,2349
8635122UH3083N,M,,0,2345
14900A11000085,M,,0,2343
7741125UH3074S,M,,0,2343
2112701UG3921S,M,,0,2334
5141603UG4954S,M,,0,2334
0760410UG4806S,M,,0,2331
1890525UG4919S,M,,0,2329
0760409UG4806S,M,,0,2324
0669103UG4806N,M,,0,2318
4215016UG3941N,M,,0,2314
8635121UH3083N,M,,0,2312
0669102UG4806N,M,,0,2311
4215014UG3941N,M,,0,2310
0760401UG4806S,M,,0,2309
8834105UH3083S,M,,0,2308
0655801UG4905N,M,,0,2302
1184638UG4918S,M,,0,2300
2987310UG4928N,M,,0,2295
8334101UG3983S,M,,0,2295
8043110UH3084S,M,,0,2291
4432107UG3943S,M,,0,2288
1164113UG4816S,M,,0,2285
0669108UG4806N,M,,0,2281
4975028UH4047N,M,,0,2280
0758110UG4805N,M,,0,2279
0669107UG4806N,M,,0,2275
2007901UG3910N,M,,0,2270
0057101UG4805N,M,,0,2266
0669105UG4806N,M,,0,2264
4873801UH4047S,M,,0,2262
0669106UG4806N,M,,0,2260
0160121UG4806S,M,,0,2259
1741701UG4914S,M,,0,2259
0160119UG4806S,M,,0,2256
0060504UG4806S,M,,0,2255
8635123UH3083N,M,,0,2255
0658119UG4805N,M,,0,2254
0658118UG4805N,M,,0,2252
0060509UG4806S,M,,0,2250
0658111UG4805N,M,,0,2250
1065111UG4816N,M,,0,2249
8635120UH3083N,M,,0,2249
0060503UG4806S,M,,0,2248
0060507UG4806S,M,,0,2248
0655802UG4905N,M,,0,2245
8007704UH3080N,M,,0,2244
0160114UG4806S,M,,0,2241
0160117UG4806S,M,,0,2240
0160120UG4806S,M,,0,2240
0160118UG4806S,M,,0,2239
3794034UG3939S,M,,0,2238
0669104UG4806N,M,,0,2237
1788520UG4918N,M,,0,2235
0160115UG4806S,M,,0,2234
0160122UG4806S,M,,0,2231
1065112UG4816N,M,,0,2231
0060502UG4806S,M,,0,2228
8176501UG4987N,M,,0,2228
8176502UG4987N,M,,0,2228
8176503UG4987N,M,,0,2228
8176504UG4987N,M,,0,2228
8176505UG4987N,M,,0,2228
8176506UG4987N,M,,0,2228
8176507UG4987N,M,,0,2228
8176508UG4987N,M,,0,2228
8635115UH3083N,M,,0,2227
0060510UG4806S,M,,0,2225
0160113UG4806S,M,,0,2225
0160116UG4806S,M,,0,2224
0458109UG4805N,M,,0,2223
0060506UG4806S,M,,0,2220
0458110UG4805N,M,,0,2220
0458103UG4805N,M,,0,2219
0060505UG4806S,M,,0,2218
7737204UG3973N,M,,0,2215
3196014UG3939N,M,,0,2214
8738102UH3083N,M,,0,2214
0060508UG4806S,M,,0,2212
4136104UG4943N,M,,0,2212
7260303UG4976S,M,,0,2208
0559902UG4905N,M,,0,2203
0658115UG4805N,M,,0,2203
0264109UG4806S,M,,0,2200
0458106UG4805N,M,,0,2199
0060511UG4806S,M,,0,2198
2007206UG3910N,M,,0,2198
0658117UG4805N,M,,0,2195
3876901UG4937N,M,,0,2193
8836324UG3983N,M,,0,2191
0264110UG4806S,M,,0,2190
0458104UG4805N,M,,0,2190
14900A08000090,M,,0,2190
8537403UG3983N,M,,0,2190
0755301UG4905N,M,,0,2189
1938902UG4913N,M,,0,2188
0658116UG4805N,M,,0,2187
1405701UG3910N,M,,0,2187
0160110UG4806S,M,,0,2186
0458108UG4805N,M,,0,2186
8339110UG3983N,M,,0,2186
8635138UH3083N,M,,0,2186
0264103UG4806S,M,,0,2185
8932706UH3083S,M,,0,2185
2108104UG3910N,M,,0,2184
0758120UG4805N,M,,0,2183
2007906UG3910N,M,,0,2182
0264108UG4806S,M,,0,2180
0758121UG4805N,M,,0,2180
14900A11000093,M,,0,2180
7935502UG3973N,M,,0,2179
8635116UH3083N,M,,0,2179
0264107UG4806S,M,,0,2178
1757102UG4915N,M,,0,2178
0264106UG4806S,M,,0,2177
1487008UG4918N,M,,0,2177
14900A11000092,M,,0,2177
0160109UG4806S,M,,0,2174
6194101UG4969S,M,,0,2173
2108604UG3910N,M,,0,2172
0458107UG4805N,M,,0,2171
0363213UG4806S,M,,0,2170
14900A10909022,M,,0,2170
0264102UG4806S,M,,0,2169
0264105UG4806S,M,,0,2169
0057107UG4805N,M,,0,2168
0760413UG4806S,M,,0,2168
14900A11000031,M,,0,2166
0160103UG4806S,M,,0,2164
1979501UG4917N,M,,0,2161
0755302UG4905N,M,,0,2160
0057102UG4805N,M,,0,2159
0264104UG4806S,M,,0,2159
0758125UG4805N,M,,0,2157
0160108UG4806S,M,,0,2156
0363211UG4806S,M,,0,2154
0363201UG4806S,M,,0,2152
0160104UG4806S,M,,0,2151
0264111UG4806S,M,,0,2151
1491212UG4919S,M,,0,2150
0467103UG4806N,M,,0,2148
0658110UG4805N,M,,0,2147
8635128UH3083N,M,,0,2144
0160102UG4806S,M,,0,2143
2989705UG4928N,M,,0,2141
0458105UG4805N,M,,0,2140
0363214UG4806S,M,,0,2138
0758127UG4805N,M,,0,2136
3794061UG3939S,M,,0,2134
0758124UG4805N,M,,0,2133
0160107UG4806S,M,,0,2132
0363212UG4806S,M,,0,2132
0658102UG4805N,M,,0,2131
0758122UG4805N,M,,0,2131
0758126UG4805N,M,,0,2131
0160101UG4806S,M,,0,2130
0465207UG4806N,M,,0,2130
4373018UH4047S,M,,0,2127
1890520UG4919S,M,,0,2126
0758123UG4805N,M,,0,2122
0465208UG4806N,M,,0,2119
8880103UG4988S,M,,0,2119
0363210UG4806S,M,,0,2118
0658113UG4805N,M,,0,2116
0658114UG4805N,M,,0,2116
0160105UG4806S,M,,0,2115
2720510UH5022S,M,,0,2114
14900A10900075,M,,0,2113
0465203UG4806N,M,,0,2112
0467102UG4806N,M,,0,2112
8376405UG4987N,M,,0,2112
0160106UG4806S,M,,0,2111
0264101UG4806S,M,,0,2110
0557207UG4905N,M,,0,2108
5463301UG4956S,M,,0,2108
0669101UG4806N,M,,0,2107
0363206UG4806S,M,,0,2105
0760411UG4806S,M,,0,2105
0465209UG4806N,M,,0,2101
0465210UG4806N,M,,0,2100
8557203UG4985N,M,,0,2100
0465204UG4806N,M,,0,2099
7935505UG3973N,M,,0,2098
1065113UG4816N,M,,0,2097
3794058UG3939S,M,,0,2097
0658108UG4805N,M,,0,2095
0758118UG4805N,M,,0,2095
5694172UG4959S,M,,0,2095
0363209UG4806S,M,,0,2093
0467101UG4806N,M,,0,2089
0658109UG4805N,M,,0,2088
1065115UG4816N,M,,0,2087
3196013UG3939N,M,,0,2085
4462501UG4946S,M,,0,2085
1187618UG4918N,M,,0,2084
7937305UG3973N,M,,0,2082
0760412UG4806S,M,,0,2081
0465205UG4806N,M,,0,2078
0363203UG4806S,M,,0,2076
0363204UG4806S,M,,0,2076
0363205UG4806S,M,,0,2075
0458102UG4805N,M,,0,2075
14900A11000083,M,,0,2073
7935503UG3973N,M,,0,2073
0363208UG4806S,M,,0,2069
3597002UG3939N,M,,0,2066
0567609UG4806N,M,,0,2065
2006929UH3020N,M,,0,2065
0363207UG4806S,M,,0,2061
2007201UG3910N,M,,0,2060
2191104UG4929S,M,,0,2059
2989704UG4928N,M,,0,2058
1164106UG4816S,M,,0,2055
14900A10800017,M,,0,2054
1356302UG4915N,M,,0,2053
14900A10909021,M,,0,2053
14900A11000091,M,,0,2050
8374905UG4987S,M,,0,2048
8374906UG4987S,M,,0,2048
8932704UH3083S,M,,0,2045
1164108UG4816S,M,,0,2043
0567610UG4806N,M,,0,2041
1065106UG4816N,M,,0,2041
1065110UG4816N,M,,0,2041
7517607UH3071N,M,,0,2040
8343141UH3084S,M,,0,2040
1065114UG4816N,M,,0,2039
0758115UG4805N,M,,0,2038
3995046UG3939N,M,,0,2037
0758111UG4805N,M,,0,2036
0758113UG4805N,M,,0,2035
1164110UG4816S,M,,0,2035
0057103UG4805N,M,,0,2033
1164111UG4816S,M,,0,2033
0567612UG4806N,M,,0,2029
0760407UG4806S,M,,0,2029
1065108UG4816N,M,,0,2029
14900A10900076,M,,0,2028
0567611UG4806N,M,,0,2026
0567606UG4806N,M,,0,2024
1164112UG4816S,M,,0,2024
0567607UG4806N,M,,0,2023
1065105UG4816N,M,,0,2022
1164109UG4816S,M,,0,2022
56941A4UG4959S,M,,0,2022
1806506UG3910N,M,,0,2021
9953302UG3995S,M,,0,2021
0758117UG4805N,M,,0,2017
1977218UG4917N,M,,0,2017
2007903UG3910N,M,,0,2016
7937304UG3973N,M,,0,2016
1065109UG4816N,M,,0,2015
1164107UG4816S,M,,0,2015
3495007UG3939N,M,,0,2015
1164104UG4816S,M,,0,2014
0567605UG4806N,M,,0,2013
1164105UG4816S,M,,0,2011
8158201UG4985N,M,,0,2008
0363202UG4806S,M,,0,2007
1065107UG4816N,M,,0,2007
2007205UG3910N,M,,0,2006
2007904UG3910N,M,,0,2006
0758112UG4805N,M,,0,2004
2108103UG3910N,M,,0,2004
0160111UG4806S,M,,0,2003
3995042UG3939N,M,,0,2002
7935504UG3973N,M,,0,2002
0465206UG4806N,M,,0,2001
0465202UG4806N,M,,0,2000
0758116UG4805N,M,,0,2000
2512709UH4021S,M,,0,2000
2789575UG4928N,M,,0,2000
3794051UG3939S,M,,0,2000
4376016UH4047N,M,,0,2000
8043101UH3084S,M,,0,2000
8043106UH3084S,M,,0,2000
8147118UH3084N,M,,0,2000
9852220UG4995S,M,,0,2000
9953301UG3995S,M,,0,2000
9964306UG3996S,M,,0,2000
0758114UG4805N,M,,0,1999
2108601UG3910N,M,,0,1999
8776604UG4987N,M,,0,1999
0760408UG4806S,M,,0,1998
2007203UG3910N,M,,0,1996
2007902UG3910N,M,,0,1996
3187107UG4938N,M,,0,1996
2108603UG3910N,M,,0,1993
1164103UG4816S,M,,0,1990
9671019UG3997S,M,,0,1990
45104A0UG3941S,M,,0,1989
14900A10200164,M,,0,1987
1788705UG4918N,M,,0,1987
2773319UG4927S,M,,0,1987
2789563UG4928N,M,,0,1986
2789564UG4928N,M,,0,1986
3995001UG3939N,M,,0,1983
1974423UG4917S,M,,0,1982
2007905UG3910N,M,,0,1981
4305604UG3940N,M,,0,1980
2007204UG3910N,M,,0,1979
2987303UG4928N,M,,0,1979
3094009UG3939S,M,,0,1979
14900A11000109,M,,0,1978
2108602UG3910N,M,,0,1978
3794031UG3939S,M,,0,1976
2191105UG4929S,M,,0,1972
0567604UG4806N,M,,0,1970
2007202UG3910N,M,,0,1968
2108102UG3910N,M,,0,1967
2108101UG3910N,M,,0,1965
4180001UH4048S,M,,0,1961
2610001UH5021S,M,,0,1959
8136104UG3983N,M,,0,1959
3794024UG3939S,M,,0,1953
4373015UH4047S,M,,0,1950
2789577UG4928N,M,,0,1946
8635130UH3083N,M,,0,1943
8635131UH3083N,M,,0,1934
3719501UG4931N,M,,0,1931
8635118UH3083N,M,,0,1930
1890557UG4919S,M,,0,1924
3050002UG4935S,M,,0,1923
8648511UH3084N,M,,0,1920
8574805UG4987S,M,,0,1914
3794055UG3939S,M,,0,1908
1736502UG4913N,M,,0,1905
2050802UG4925S,M,,0,1900
8038615UG3983N,M,,0,1899
6098421UG4969N,M,,0,1897
14900A10900002,M,,0,1896
1736507UG4913N,M,,0,1895
0704601UG3900S,M,,0,1891
1890523UG4919S,M,,0,1882
3495084UG3939N,M,,0,1882
8635119UH3083N,M,,0,1879
2999203UG5929N,M,,0,1877
0754304UG4905S,M,,0,1876
2720511UH5022S,M,,0,1874
1379639UG4917N,M,,0,1871
1788701UG4918N,M,,0,1871
8007705UH3080N,M,,0,1870
2720509UH5022S,M,,0,1867
14900A10200101,M,,0,1866
4407620UG3940N,M,,0,1866
8635133UH3083N,M,,0,1864
1082516UG4918S,M,,0,1861
1890522UG4919S,M,,0,1858
3225526UG4932N,M,,0,1853
1386701UG4918N,M,,0,1851
2586863UG4928N,M,,0,1851
2586894UG4928N,M,,0,1851
14900A10800132,M,,0,1848
1788577UG4918N,M,,0,1848
8635135UH3083N,M,,0,1848
0782604UG4908S,M,,0,1847
0857603UG4905N,M,,0,1844
1788703UG4918N,M,,0,1839
5695501UG4959N,M,,0,1839
8038614UG3983N,M,,0,1838
1686701UG4918N,M,,0,1837
14900A08000018,M,,0,1832
8038618UG3983N,M,,0,1825
8574808UG4987S,M,,0,1824
2209203UG3910N,M,,0,1823
2209204UG3910N,M,,0,1819
4872502UH4047S,M,,0,1810
3316901UG4931N,M,,0,1806
5085117UG4958N,M,,0,1806
1890584UG4919S,M,,0,1804
2739101UG4923N,M,,0,1801
8038601UG3983N,M,,0,1801
3117902UG4931N,M,,0,1800
8147104UH3084N,M,,0,1800
7737205UG3973N,M,,0,1797
8635152UH3083N,M,,0,1796
1474704UG4917S,M,,0,1792
8136101UG3983N,M,,0,1791
3719502UG4931N,M,,0,1790
8635142UH3083N,M,,0,1784
2416022UH5021N,M,,0,1782
3920601UG4932S,M,,0,1781
3995010UG3939N,M,,0,1780
8834102UH3083S,M,,0,1780
8963204UG4986S,M,,0,1777
1937303UG4913N,M,,0,1767
25868B3UG4928N,M,,0,1767
3101008UH3030S,M,,0,1764
1890581UG4919S,M,,0,1763
5397401UG4959N,M,,0,1763
0918212UH4001N,M,,0,1762
8836902UH3083N,M,,0,1757
0983605UG4908S,M,,0,1751
3616301UG4931N,M,,0,1750
5694104UG4959S,M,,0,1750
8136110UG3983N,M,,0,1750
8136111UG3983N,M,,0,1750
8136112UG3983N,M,,0,1750
8574804UG4987S,M,,0,1749
1379616UG4917N,M,,0,1744
2750601UG4925S,M,,0,1744
2586860UG4928N,M,,0,1743
8834101UH3083S,M,,0,1743
2580716UG4928S,M,,0,1739
3655301UG4935N,M,,0,1739
1788558UG4918N,M,,0,1738
2586897UG4928N,M,,0,1737
1890526UG4919S,M,,0,1736
6331334UG3963S,M,,0,1736
1096510UG4919N,M,,0,1733
1096509UG4919N,M,,0,1731
1096502UG4919N,M,,0,1730
1096503UG4919N,M,,0,1730
1096504UG4919N,M,,0,1730
1096508UG4919N,M,,0,1730
8173701UG4987S,M,,0,1728
8173702UG4987S,M,,0,1728
8173703UG4987S,M,,0,1728
8173704UG4987S,M,,0,1728
8173705UG4987S,M,,0,1728
8173706UG4987S,M,,0,1728
8174401UG4987S,M,,0,1728
8174402UG4987S,M,,0,1728
8174403UG4987S,M,,0,1728
8174404UG4987S,M,,0,1728
8174405UG4987S,M,,0,1728
8174406UG4987S,M,,0,1728
1096501UG4919N,M,,0,1727
4677061UH4047N,M,,0,1725
8635125UH3083N,M,,0,1725
2789562UG4928N,M,,0,1723
3616302UG4931N,M,,0,1722
8574807UG4987S,M,,0,1713
2999025UG3929N,M,,0,1706
1598104UG4919N,M,,0,1705
1196612UG4919N,M,,0,1704
2586861UG4928N,M,,0,1703
4270402UG4947S,M,,0,1703
8635106UH3083N,M,,0,1703
1096507UG4919N,M,,0,1702
1196605UG4919N,M,,0,1702
8834117UH3083S,M,,0,1702
8834116UH3083S,M,,0,1701
4407921UG3940N,M,,0,1700
8343139UH3084S,M,,0,1700
8635141UH3083N,M,,0,1700
8635144UH3083N,M,,0,1699
1405403UG3910N,M,,0,1698
1974403UG4917S,M,,0,1698
2753490UG4925S,M,,0,1697
8635126UH3083N,M,,0,1692
7642118UH3074S,M,,0,1690
8043108UH3084S,M,,0,1689
3273711UG4937S,M,,0,1682
7737206UG3973N,M,,0,1681
7737212UG3973N,M,,0,1681
14900A10900065,M,,0,1677
8635143UH3083N,M,,0,1668
8932703UH3083S,M,,0,1668
7303403UH3070S,M,,0,1667
14900A10909002,M,,0,1655
1187644UG4918N,M,,0,1652
2999202UG5929N,M,,0,1650
8738133UH3083N,M,,0,1650
8635134UH3083N,M,,0,1649
3370819UG4937S,M,,0,1645
2586807UG4928N,M,,0,1642
8136105UG3983N,M,,0,1642
6331336UG3963S,M,,0,1641
4213301UG3941S,M,,0,1640
2486521UG4928N,M,,0,1638
3222030UH5032S,M,,0,1636
0681730UG4908S,M,,0,1631
1063501UG4916S,M,,0,1629
2773337UG4927S,M,,0,1624
5694184UG4959S,M,,0,1620
1305901UG3910N,M,,0,1616
1194807UG4919S,M,,0,1611
1191521UG4919S,M,,0,1610
2720508UH5022S,M,,0,1610
5748701UG4954N,M,,0,1609
8635108UH3083N,M,,0,1608
8136106UG3983N,M,,0,1606
0137801UG4903N,M,,0,1605
8574806UG4987S,M,,0,1601
1191520UG4919S,M,,0,1600
8343136UH3084S,M,,0,1599
8836323UG3983N,M,,0,1599
0681731UG4908S,M,,0,1598
3316902UG4931N,M,,0,1598
7741124UH3074S,M,,0,1597
2874208UG4927S,M,,0,1596
1190605UG4919S,M,,0,1595
1190606UG4919S,M,,0,1595
8136113UG3983N,M,,0,1594
8171902UG4987S,M,,0,1593
8171903UG4987S,M,,0,1593
8171904UG4987S,M,,0,1593
8171905UG4987S,M,,0,1593
8171906UG4987S,M,,0,1593
1706315UH3010N,M,,0,1589
0681729UG4908S,M,,0,1585
1890529UG4919S,M,,0,1585
8136108UG3983N,M,,0,1585
8635104UH3083N,M,,0,1585
3807904UG3930N,M,,0,1584
1187643UG4918N,M,,0,1583
8213410UH3081S,M,,0,1581
2586805UG4928N,M,,0,1579
8635109UH3083N,M,,0,1579
1187642UG4918N,M,,0,1573
8635140UH3083N,M,,0,1573
1806308UH3010N,M,,0,1571
8136109UG3983N,M,,0,1571
1187656UG4918N,M,,0,1570
8136107UG3983N,M,,0,1569
8635113UH3083N,M,,0,1568
8635124UH3083N,M,,0,1568
1934912UG4913S,M,,0,1567
7119821UG3971N,M,,0,1566
9952501UG3995S,M,,0,1565
9952502UG3995S,M,,0,1565
6018804UG3961N,M,,0,1564
7966614UG4976N,M,,0,1561
2486520UG4928N,M,,0,1560
2486516UG4928N,M,,0,1556
2586838UG4928N,M,,0,1555
2485702UG4928N,M,,0,1554
8635107UH3083N,M,,0,1554
8635149UH3083N,M,,0,1554
1194810UG4919S,M,,0,1553
1806306UH3010N,M,,0,1553
1191519UG4919S,M,,0,1552
2586840UG4928N,M,,0,1552
1193604UG4919S,M,,0,1551
8635110UH3083N,M,,0,1551
7737213UG3973N,M,,0,1550
8635111UH3083N,M,,0,1549
1184603UG4918S,M,,0,1548
1281412UG4918S,M,,0,1548
1184601UG4918S,M,,0,1546
2789502UG4928N,M,,0,1544
1194805UG4919S,M,,0,1543
1194806UG4919S,M,,0,1541
2006940UH3020N,M,,0,1541
8136114UG3983N,M,,0,1541
5698601UG4959N,M,,0,1539
8635105UH3083N,M,,0,1538
2580730UG4928S,M,,0,1537
1191504UG4919S,M,,0,1536
1191518UG4919S,M,,0,1535
14900A10900054,M,,0,1533
2134503UG4923S,M,,0,1533
2812009UH5021S,M,,0,1533
1194809UG4919S,M,,0,1531
1487004UG4918N,M,,0,1531
27733A0UG4927S,M,,0,1531
27733A1UG4927S,M,,0,1531
27733A2UG4927S,M,,0,1531
27733A3UG4927S,M,,0,1531
2973513UG4927S,M,,0,1529
4713908UG3941S,M,,0,1523
8136117UG3983N,M,,0,1522
8635103UH3083N,M,,0,1519
7642114UH3074S,M,,0,1518
1085804UG4918N,M,,0,1517
3155802UG4935N,M,,0,1517
1487001UG4918N,M,,0,1516
1487002UG4918N,M,,0,1516
1487005UG4918N,M,,0,1516
1487010UG4918N,M,,0,1516
8635146UH3083N,M,,0,1516
8635151UH3083N,M,,0,1516
8136116UG3983N,M,,0,1511
6376203UG5567N,M,,0,1510
1194808UG4919S,M,,0,1509
3794022UG3939S,M,,0,1509
9661802UG4996S,M,,0,1508
1388701UG4918N,M,,0,1507
1388702UG4918N,M,,0,1507
8635145UH3083N,M,,0,1507
1193602UG4919S,M,,0,1505
6485114UG4968N,M,,0,1505
8635148UH3083N,M,,0,1505
0042103UG4904S,M,,0,1503
0042101UG4904S,M,,0,1502
1190604UG4919S,M,,0,1502
2512710UH4021S,M,,0,1501
8136115UG3983N,M,,0,1501
8635147UH3083N,M,,0,1501
1082515UG4918S,M,,0,1500
1873701UG4917S,M,,0,1500
2512711UH4021S,M,,0,1500
2586808UG4928N,M,,0,1500
2773336UG4927S,M,,0,1500
2789506UG4928N,M,,0,1500
2789518UG4928N,M,,0,1500
2789519UG4928N,M,,0,1500
2789521UG4928N,M,,0,1500
2789523UG4928N,M,,0,1500
2791605UG4929S,M,,0,1500
2791607UG4929S,M,,0,1500
2791608UG4929S,M,,0,1500
2791609UG4929S,M,,0,1500
2791614UG4929S,M,,0,1500
2791616UG4929S,M,,0,1500
2791617UG4929S,M,,0,1500
2812026UH5021S,M,,0,1500
2877113UG4927N,M,,0,1500
2909315UH4020N,M,,0,1500
2909316UH4020N,M,,0,1500
2909317UH4020N,M,,0,1500
2909318UH4020N,M,,0,1500
2909319UH4020N,M,,0,1500
2987308UG4928N,M,,0,1500
2987312UG4928N,M,,0,1500
2987326UG4928N,M,,0,1500
2987327UG4928N,M,,0,1500
2987328UG4928N,M,,0,1500
4668103UG3946N,M,,0,1500
5694174UG4959S,M,,0,1500
6191309UG4969S,M,,0,1500
7614019UG3971S,M,,0,1500
7737207UG3973N,M,,0,1500
7737208UG3973N,M,,0,1500
7737209UG3973N,M,,0,1500
7737210UG3973N,M,,0,1500
7737211UG3973N,M,,0,1500
7741107UH3074S,M,,0,1500
7741117UH3074S,M,,0,1500
7741119UH3074S,M,,0,1500
8043119UH3084S,M,,0,1500
8043131UH3084S,M,,0,1500
8043138UH3084S,M,,0,1500
8145105UH3084N,M,,0,1500
8145111UH3084N,M,,0,1500
8343138UH3084S,M,,0,1500
8347105UH3084N,M,,0,1500
8635139UH3083N,M,,0,1500
8738115UH3083N,M,,0,1500
8738117UH3083N,M,,0,1500
8738118UH3083N,M,,0,1500
8835304UH3083N,M,,0,1500
8836905UH3083N,M,,0,1500
9750150UG4995S,M,,0,1500
9848312UG4994N,M,,0,1500
0809910UG3900N,M,,0,1499
1187645UG4918N,M,,0,1499
1193603UG4919S,M,,0,1499
9873059UG3997S,M,,0,1499
3483406UG4938S,M,,0,1497
1193601UG4919S,M,,0,1496
2059201UG4925N,M,,0,1496
2586817UG4928N,M,,0,1495
9260102UG4996S,M,,0,1495
5114408UG3951S,M,,0,1494
0782618UG4908S,M,,0,1492
0808971UG3900N,M,,0,1492
1485130UG4918N,M,,0,1492
1190603UG4919S,M,,0,1488
1491206UG4919S,M,,0,1488
2586822UG4928N,M,,0,1486
4510427UG3941S,M,,0,1486
1388703UG4918N,M,,0,1485
1388704UG4918N,M,,0,1485
1388708UG4918N,M,,0,1485
1388709UG4918N,M,,0,1485
1388710UG4918N,M,,0,1485
1388711UG4918N,M,,0,1485
1388712UG4918N,M,,0,1485
7814012UG3971S,M,,0,1481
7741109UH3074S,M,,0,1480
9562807UG4996S,M,,0,1478
000600300UG39B,M,,0,1477
1706308UH3010N,M,,0,1477
2586801UG4928N,M,,0,1477
3794043UG3939S,M,,0,1477
1405704UG3910N,M,,0,1476
5318505UG3951N,M,,0,1476
1194802UG4919S,M,,0,1475
1194803UG4919S,M,,0,1475
2791613UG4929S,M,,0,1475
4975032UH4047N,M,,0,1475
1191517UG4919S,M,,0,1474
2586814UG4928N,M,,0,1474
2586829UG4928N,M,,0,1474
2586830UG4928N,M,,0,1474
2586831UG4928N,M,,0,1474
1187637UG4918N,M,,0,1473
1187638UG4918N,M,,0,1473
1187639UG4918N,M,,0,1473
1187640UG4918N,M,,0,1473
1187641UG4918N,M,,0,1473
1194801UG4919S,M,,0,1473
1491209UG4919S,M,,0,1473
1190602UG4919S,M,,0,1470
1388705UG4918N,M,,0,1469
1489601UG4918N,M,,0,1469
1489603UG4918N,M,,0,1469
1489604UG4918N,M,,0,1468
1489605UG4918N,M,,0,1468
1489606UG4918N,M,,0,1468
1489607UG4918N,M,,0,1468
1489608UG4918N,M,,0,1468
1191510UG4919S,M,,0,1466
1191502UG4919S,M,,0,1465
1388804UG4918N,M,,0,1465
1190607UG4919S,M,,0,1464
1388706UG4918N,M,,0,1464
1490301UG4919S,M,,0,1464
1388707UG4918N,M,,0,1463
1390405UG4919S,M,,0,1463
1390406UG4919S,M,,0,1463
1490302UG4919S,M,,0,1463
1490303UG4919S,M,,0,1463
1490305UG4919S,M,,0,1463
1490306UG4919S,M,,0,1463
1490307UG4919S,M,,0,1463
1390401UG4919S,M,,0,1462
1390402UG4919S,M,,0,1462
1390403UG4919S,M,,0,1462
1487009UG4918N,M,,0,1462
1490304UG4919S,M,,0,1462
1490308UG4919S,M,,0,1462
1490309UG4919S,M,,0,1462
0681720UG4908S,M,,0,1461
1391217UG4919S,M,,0,1461
1491207UG4919S,M,,0,1461
1491605UG4919S,M,,0,1461
1390404UG4919S,M,,0,1460
1486101UG4918N,M,,0,1460
1486102UG4918N,M,,0,1460
1486103UG4918N,M,,0,1460
2209201UG3910N,M,,0,1460
1191503UG4919S,M,,0,1459
1191505UG4919S,M,,0,1459
1191516UG4919S,M,,0,1459
1391216UG4919S,M,,0,1458
1491606UG4919S,M,,0,1458
2789505UG4928N,M,,0,1458
1190608UG4919S,M,,0,1457
1391201UG4919S,M,,0,1457
1391202UG4919S,M,,0,1457
1777202UG4917N,M,,0,1457
7741110UH3074S,M,,0,1456
14900A10800114,M,,0,1455
1491201UG4919S,M,,0,1455
1491604UG4919S,M,,0,1455
3704710UG3930S,M,,0,1455
1187636UG4918N,M,,0,1454
1187654UG4918N,M,,0,1454
1187655UG4918N,M,,0,1454
1391215UG4919S,M,,0,1453
1190504UG4919S,M,,0,1452
1191506UG4919S,M,,0,1452
1191507UG4919S,M,,0,1452
1391208UG4919S,M,,0,1452
1391214UG4919S,M,,0,1452
1491204UG4919S,M,,0,1452
1491208UG4919S,M,,0,1452
1588108UG4918N,M,,0,1452
2209202UG3910N,M,,0,1452
1190501UG4919S,M,,0,1451
1190502UG4919S,M,,0,1451
1190503UG4919S,M,,0,1451
1190601UG4919S,M,,0,1451
1191508UG4919S,M,,0,1451
1191509UG4919S,M,,0,1451
1191513UG4919S,M,,0,1451
1191514UG4919S,M,,0,1451
1191515UG4919S,M,,0,1451
1194804UG4919S,M,,0,1451
1391204UG4919S,M,,0,1451
1391209UG4919S,M,,0,1451
1391212UG4919S,M,,0,1451
1487003UG4918N,M,,0,1451
1588103UG4918N,M,,0,1451
1588104UG4918N,M,,0,1451
1588105UG4918N,M,,0,1451
1588106UG4918N,M,,0,1451
1588107UG4918N,M,,0,1451
1588109UG4918N,M,,0,1451
1092801UG4919S,M,,0,1450
1092802UG4919S,M,,0,1450
1092803UG4919S,M,,0,1450
1092804UG4919S,M,,0,1450
1092805UG4919S,M,,0,1450
1092806UG4919S,M,,0,1450
1092807UG4919S,M,,0,1450
1191511UG4919S,M,,0,1450
1191512UG4919S,M,,0,1450
1288901UG4918N,M,,0,1450
1288902UG4918N,M,,0,1450
1288903UG4918N,M,,0,1450
1288904UG4918N,M,,0,1450
1288905UG4918N,M,,0,1450
1288906UG4918N,M,,0,1450
1288907UG4918N,M,,0,1450
1288908UG4918N,M,,0,1450
1288909UG4918N,M,,0,1450
1288910UG4918N,M,,0,1450
1288911UG4918N,M,,0,1450
1391203UG4919S,M,,0,1450
1391205UG4919S,M,,0,1450
1391206UG4919S,M,,0,1450
1391207UG4919S,M,,0,1450
1391210UG4919S,M,,0,1450
1391211UG4919S,M,,0,1450
1391213UG4919S,M,,0,1450
1391218UG4919S,M,,0,1450
1491202UG4919S,M,,0,1450
1491210UG4919S,M,,0,1450
1491211UG4919S,M,,0,1450
1588101UG4918N,M,,0,1450
1588102UG4918N,M,,0,1450
3995024UG3939N,M,,0,1450
2773313UG4927S,M,,0,1449
2720521UH5022S,M,,0,1448
2237409UG4923N,M,,0,1447
0782617UG4908S,M,,0,1444
0810905UG3901S,M,,0,1441
5984111UG4958S,M,,0,1441
2720506UH5022S,M,,0,1438
1890582UG4919S,M,,0,1436
2667308UG4926N,M,,0,1433
1082517UG4918S,M,,0,1430
14900A11000108,M,,0,1429
1608302UH3010N,M,,0,1420
9873058UG3997S,M,,0,1419
3281505UG4938S,M,,0,1415
2586896UG4928N,M,,0,1411
2773306UG4927S,M,,0,1411
2773351UG4927S,M,,0,1411
2773359UG4927S,M,,0,1411
7362704UG4976S,M,,0,1405
3283803UG4938S,M,,0,1402
6521302UG3961N,M,,0,1402
7218707UG3971N,M,,0,1402
7218708UG3971N,M,,0,1402
56941D4UG4959S,M,,0,1400
8061911UG4986S,M,,0,1396
2609312UH5020N,M,,0,1393
4677020UH4047N,M,,0,1392
1085806UG4918N,M,,0,1391
1474707UG4917S,M,,0,1391
4677059UH4047N,M,,0,1384
5100901UH4050S,M,,0,1383
5363301UG4956S,M,,0,1383
5364701UG4956S,M,,0,1383
1684551UG4918S,M,,0,1382
0880215UG4908S,M,,0,1380
1281413UG4918S,M,,0,1380
2791615UG4929S,M,,0,1378
2609381UH5020N,M,,0,1374
0455402UG4905N,M,,0,1373
2486517UG4928N,M,,0,1373
9873057UG3997S,M,,0,1373
8145107UH3084N,M,,0,1372
3873626UG4937S,M,,0,1371
3370825UG4937S,M,,0,1368
3370822UG4937S,M,,0,1367
0812916UG3901S,M,,0,1366
4217005UG3941N,M,,0,1364
1184608UG4918S,M,,0,1362
1582412UG4918S,M,,0,1360
8436717UG3983N,M,,0,1359
4153943UG4945S,M,,0,1357
1890531UG4919S,M,,0,1356
0782616UG4908S,M,,0,1355
3187111UG4938N,M,,0,1355
0880206UG4908S,M,,0,1353
3225519UG4932N,M,,0,1353
4646221UG4944N,M,,0,1353
0655304UG4905N,M,,0,1352
7959301UG4975N,M,,0,1350
3281510UG4938S,M,,0,1349
2789517UG4928N,M,,0,1348
8436716UG3983N,M,,0,1348
6221202UG3962S,M,,0,1344
1281406UG4918S,M,,0,1340
6378211UG5567N,M,,0,1340
7966607UG4976N,M,,0,1340
4371701UG4947S,M,,0,1333
0880212UG4908S,M,,0,1328
2789504UG4928N,M,,0,1328
0880213UG4908S,M,,0,1325
14900A06800164,M,,0,1325
8177101UG4987N,M,,0,1325
0880210UG4908S,M,,0,1323
1806511UG3910N,M,,0,1323
0979206UG4907N,M,,0,1322
1082518UG4918S,M,,0,1320
1082519UG4918S,M,,0,1320
2987335UG4928N,M,,0,1319
0880211UG4908S,M,,0,1317
0979209UG4907N,M,,0,1315
2083329UG4928S,M,,0,1315
0880202UG4908S,M,,0,1311
0880214UG4908S,M,,0,1311
0981708UG4908S,M,,0,1311
2789538UG4928N,M,,0,1311
4677060UH4047N,M,,0,1311
0782605UG4908S,M,,0,1310
1257102UG4915N,M,,0,1307
8061903UG4986S,M,,0,1305
0880205UG4908S,M,,0,1302
0981706UG4908S,M,,0,1301
2580732UG4928S,M,,0,1300
0981707UG4908S,M,,0,1298
2621409UH5022S,M,,0,1297
0880201UG4908S,M,,0,1294
0812907UG3901S,M,,0,1291
8866331UG4986N,M,,0,1290
4364301UG4946S,M,,0,1289
4970024UH4047S,M,,0,1286
4975029UH4047N,M,,0,1286
4971006UH4047S,M,,0,1285
0979212UG4907N,M,,0,1283
1836101UG4913N,M,,0,1283
3225523UG4932N,M,,0,1281
0979213UG4907N,M,,0,1280
1890586UG4919S,M,,0,1279
1608307UH3010N,M,,0,1278
1080606UG4918S,M,,0,1275
2999018UG3929N,M,,0,1274
7940808UH3074S,M,,0,1271
3483404UG4938S,M,,0,1270
3483405UG4938S,M,,0,1270
0880218UG4908S,M,,0,1269
1873709UG4917S,M,,0,1269
1080604UG4918S,M,,0,1263
1080607UG4918S,M,,0,1263
4673041UH4047S,M,,0,1263
0880204UG4908S,M,,0,1260
1085803UG4918N,M,,0,1260
3299911UG3939N,M,,0,1260
0880203UG4908S,M,,0,1258
3281515UG4938S,M,,0,1258
3281516UG4938S,M,,0,1258
2987332UG4928N,M,,0,1255
9873060UG3997S,M,,0,1255
0983601UG4908S,M,,0,1253
1281417UG4918S,M,,0,1252
2773310UG4927S,M,,0,1251
2773311UG4927S,M,,0,1251
0480306UG4908S,M,,0,1250
0480309UG4908S,M,,0,1250
0579901UG4907N,M,,0,1250
0579902UG4907N,M,,0,1250
0579903UG4907N,M,,0,1250
0782606UG4908S,M,,0,1250
0782611UG4908S,M,,0,1250
0782612UG4908S,M,,0,1250
1080605UG4918S,M,,0,1250
1281418UG4918S,M,,0,1250
2174703UG4927S,M,,0,1250
2174705UG4927S,M,,0,1250
2579704UG4927N,M,,0,1250
2580729UG4928S,M,,0,1250
2773322UG4927S,M,,0,1250
2773335UG4927S,M,,0,1250
27733A4UG4927S,M,,0,1250
2877112UG4927N,M,,0,1250
3281517UG4938S,M,,0,1250
5196115UG4959N,M,,0,1250
9769019UG3996N,M,,0,1250
7966617UG4976N,M,,0,1249
8574803UG4987S,M,,0,1249
0857609UG4905N,M,,0,1248
2789588UG4928N,M,,0,1248
3225514UG4932N,M,,0,1246
3373829UG4937S,M,,0,1246
1806512UG3910N,M,,0,1245
14900A08000207,M,,0,1241
9873056UG3997S,M,,0,1239
8060704UG4986S,M,,0,1237
4510409UG3941S,M,,0,1234
5044102UG4954S,M,,0,1233
1788595UG4918N,M,,0,1227
1788594UG4918N,M,,0,1226
2987331UG4928N,M,,0,1226
7614024UG3971S,M,,0,1226
2872105UG4927S,M,,0,1224
0814901UG3901S,M,,0,1223
3100024UH3030S,M,,0,1220
0983603UG4908S,M,,0,1215
5046501UG4954N,M,,0,1214
2789589UG4928N,M,,0,1204
2789587UG4928N,M,,0,1203
3085504UG4938N,M,,0,1203
5748401UG4954N,M,,0,1203
2586802UG4928N,M,,0,1202
0983602UG4908S,M,,0,1200
1281416UG4918S,M,,0,1200
2517331UG4921N,M,,0,1200
4407907UG3940N,M,,0,1200
8635136UH3083N,M,,0,1200
9848351UG4994N,M,,0,1200
2791621UG4929S,M,,0,1198
9873066UG3997S,M,,0,1192
9873067UG3997S,M,,0,1192
1679575UG4917N,M,,0,1190
2999005UG3929N,M,,0,1190
4675002UH4047N,M,,0,1190
6378202UG5567N,M,,0,1190
3503903UH5030S,M,,0,1184
3794053UG3939S,M,,0,1184
4988112UG4948N,M,,0,1183
1806510UG3910N,M,,0,1181
1684561UG4918S,M,,0,1178
27733B3UG4927S,M,,0,1178
1679579UG4917N,M,,0,1177
1679580UG4917N,M,,0,1177
0979205UG4907N,M,,0,1170
5720933UG3952S,M,,0,1170
8635401UG3983N,M,,0,1164
1788518UG4918N,M,,0,1162
2621410UH5022S,M,,0,1156
4705124UG3940N,M,,0,1155
3509601UG3930N,M,,0,1154
5997902UG4959N,M,,0,1154
7940801UH3074S,M,,0,1154
4407929UG3940N,M,,0,1149
9772104UG3997S,M,,0,1149
2112030UH5021S,M,,0,1148
2584612UG4928S,M,,0,1147
2584613UG4928S,M,,0,1147
2720517UH5022S,M,,0,1146
3100015UH3030S,M,,0,1146
9863108UG4996S,M,,0,1145
1686801UG4918N,M,,0,1142
14900A10900364,M,,0,1139
6376202UG5567N,M,,0,1138
5138501UG4953N,M,,0,1135
2237401UG4923N,M,,0,1130
1660601UG4916S,M,,0,1124
0219044UG4901N,M,,0,1122
17885B0UG4918N,M,,0,1121
0754301UG4905S,M,,0,1117
4677016UH4047N,M,,0,1117
7940809UH3074S,M,,0,1117
9142410UG3994S,M,,0,1113
14900A10900344,M,,0,1112
2873702UG4927S,M,,0,1111
4163703UG4946S,M,,0,1111
9873055UG3997S,M,,0,1111
2720518UH5022S,M,,0,1108
2789503UG4928N,M,,0,1107
6378212UG5567N,M,,0,1103
2667311UG4926N,M,,0,1101
4407902UG3940N,M,,0,1100
1785312UG4918N,M,,0,1098
3373831UG4937S,M,,0,1096
3373832UG4937S,M,,0,1096
3373833UG4937S,M,,0,1096
8061908UG4986S,M,,0,1094
7614031UG3971S,M,,0,1093
2083328UG4928S,M,,0,1089
14900A06800195,M,,0,1086
6286109UG4968N,M,,0,1086
2608922UH4020N,M,,0,1084
6379003UG5567N,M,,0,1084
1390407UG4919S,M,,0,1083
6720609UG3962S,M,,0,1083
14900A10900309,M,,0,1082
2083327UG4928S,M,,0,1082
8061907UG4986S,M,,0,1082
8574801UG4987S,M,,0,1082
6286107UG4968N,M,,0,1080
1980509UG4918S,M,,0,1076
2773399UG4927S,M,,0,1076
6286104UG4968N,M,,0,1076
2773353UG4927S,M,,0,1075
6286108UG4968N,M,,0,1075
9873061UG3997S,M,,0,1073
14900A10900271,M,,0,1072
2082701UG4928S,M,,0,1072
2211001UG3921S,M,,0,1072
7966615UG4976N,M,,0,1071
14900A10900310,M,,0,1069
1974412UG4917S,M,,0,1067
1980510UG4918S,M,,0,1067
4277603UH4047N,M,,0,1065
2720516UH5022S,M,,0,1064
1478710UG4917N,M,,0,1062
3222090UH5032S,M,,0,1060
4697307UG5949N,M,,0,1060
4697308UG5949N,M,,0,1060
9562815UG4996S,M,,0,1060
8836320UG3983N,M,,0,1058
9848323UG4994N,M,,0,1056
3373836UG4937S,M,,0,1054
9772105UG3997S,M,,0,1054
2720504UH5022S,M,,0,1053
2873703UG4927S,M,,0,1052
2067207UG4926N,M,,0,1050
7814009UG3971S,M,,0,1050
2999020UG3929N,M,,0,1048
5382170UG4958S,M,,0,1048
4135617UG4943N,M,,0,1047
2720520UH5022S,M,,0,1046
2875307UG4927N,M,,0,1046
2999017UG3929N,M,,0,1045
27733B2UG4927S,M,,0,1044
2082714UG4928S,M,,0,1043
2773391UG4927S,M,,0,1043
27733B6UG4927S,M,,0,1043
27733B7UG4927S,M,,0,1043
2789555UG4928N,M,,0,1042
2789552UG4928N,M,,0,1041
2789553UG4928N,M,,0,1041
2882108UG4928S,M,,0,1040
2882131UG4928S,M,,0,1040
4453519UG4945S,M,,0,1040
2083326UG4928S,M,,0,1039
2999019UG3929N,M,,0,1039
3373830UG4937S,M,,0,1039
8836309UG3983N,M,,0,1038
9562806UG4996S,M,,0,1038
2486515UG4928N,M,,0,1037
2720519UH5022S,M,,0,1037
9562805UG4996S,M,,0,1037
3108502UH5030N,M,,0,1036
2999021UG3929N,M,,0,1033
14900A11000086,M,,0,1032
56941C5UG4959S,M,,0,1032
2873714UG4927S,M,,0,1030
2873715UG4927S,M,,0,1029
9873068UG3997S,M,,0,1029
8611704UG3981S,M,,0,1028
2082719UG4928S,M,,0,1026
8133916UG3983S,M,,0,1019
1476114UG4917N,M,,0,1018
4163702UG4946S,M,,0,1018
2108517UH5020N,M,,0,1015
1980511UG4918S,M,,0,1014
1679565UG4917N,M,,0,1013
1980504UG4918S,M,,0,1012
2999022UG3929N,M,,0,1011
2082718UG4928S,M,,0,1009
4988117UG4948N,M,,0,1009
1980503UG4918S,M,,0,1008
4277614UH4047N,M,,0,1005
8561119UG4986S,M,,0,1005
4667910UG4946N,M,,0,1003
0754305UG4905S,M,,0,1002
1184301UG4918S,M,,0,1002
0219049UG4901N,M,,0,1000
0489515UG3808N,M,,0,1000
1873702UG4917S,M,,0,1000
2486508UG4928N,M,,0,1000
2486511UG4928N,M,,0,1000
3196003UG3939N,M,,0,1000
3196033UG3939N,M,,0,1000
3277791UG4937N,M,,0,1000
3438602UG4933N,M,,0,1000
4407910UG3940N,M,,0,1000
4713904UG3941S,M,,0,1000
8313024UG3981S,M,,0,1000
8313040UG3981S,M,,0,1000
8738123UH3083N,M,,0,1000
1679501UG4917N,M,,0,998
7031510UG3973S,M,,0,997
1914711UG4911S,M,,0,996
0493702UG3809S,M,,0,995
1210220UG3911S,M,,0,995
1210221UG3911S,M,,0,995
1210222UG3911S,M,,0,995
2083333UG4928S,M,,0,995
9873062UG3997S,M,,0,995
4295509UG5949N,M,,0,993
2867808UG4926N,M,,0,989
4277601UH4047N,M,,0,989
4477304UH4047N,M,,0,986
5382153UG4958S,M,,0,985
9873054UG3997S,M,,0,984
7940806UH3074S,M,,0,982
9848350UG4994N,M,,0,981
2083332UG4928S,M,,0,979
1980507UG4918S,M,,0,978
2999013UG3929N,M,,0,978
1684560UG4918S,M,,0,977
2586898UG4928N,M,,0,977
9873063UG3997S,M,,0,977
1785313UG4918N,M,,0,976
4945908UG4944N,M,,0,976
2999016UG3929N,M,,0,975
2082721UG4928S,M,,0,974
4277612UH4047N,M,,0,972
1736506UG4913N,M,,0,971
1785315UG4918N,M,,0,971
2083331UG4928S,M,,0,971
5720917UG3952S,M,,0,971
2967707UG4926N,M,,0,970
2486514UG4928N,M,,0,968
2372625UG4927S,M,,0,966
2584608UG4928S,M,,0,966
2681414UG4928S,M,,0,966
2186424UG4928N,M,,0,965
14900A06800134,M,,0,964
3430202UG4933S,M,,0,964
1679564UG4917N,M,,0,963
1875720UG4917N,M,,0,963
2286206UG4928N,M,,0,963
2286207UG4928N,M,,0,963
0810935UG3901S,M,,0,962
0810936UG3901S,M,,0,962
1875722UG4917N,M,,0,962
2286210UG4928N,M,,0,962
4677021UH4047N,M,,0,962
1875721UG4917N,M,,0,961
2286209UG4928N,M,,0,960
2999014UG3929N,M,,0,960
4378601UH4047N,M,,0,960
4677017UH4047N,M,,0,960
1679562UG4917N,M,,0,959
2486503UG4928N,M,,0,958
2486504UG4928N,M,,0,958
4378602UH4047N,M,,0,958
0810903UG3901S,M,,0,957
1980501UG4918S,M,,0,957
2584610UG4928S,M,,0,957
4477303UH4047N,M,,0,957
4277602UH4047N,M,,0,956
8060703UG4986S,M,,0,956
2486513UG4928N,M,,0,955
1788597UG4918N,M,,0,954
2584611UG4928S,M,,0,954
0810904UG3901S,M,,0,953
0810919UG3901S,M,,0,953
2588201UG4928N,M,,0,953
3198016UG3939N,M,,0,953
0810932UG3901S,M,,0,952
1679563UG4917N,M,,0,952
1736503UG4913N,M,,0,952
1980502UG4918S,M,,0,952
2999015UG3929N,M,,0,952
3198015UG3939N,M,,0,952
3198026UG3939N,M,,0,952
3198027UG3939N,M,,0,952
3373834UG4937S,M,,0,952
3373835UG4937S,M,,0,952
14900A11000050,M,,0,951
1980508UG4918S,M,,0,951
2486512UG4928N,M,,0,951
2486519UG4928N,M,,0,950
4677022UH4047N,M,,0,950
4677023UH4047N,M,,0,950
9772101UG3997S,M,,0,950
9772102UG3997S,M,,0,950
9772103UG3997S,M,,0,950
9772106UG3997S,M,,0,950
9772107UG3997S,M,,0,950
9772108UG3997S,M,,0,950
9772109UG3997S,M,,0,950
9772110UG3997S,M,,0,950
9772111UG3997S,M,,0,950
9772112UG3997S,M,,0,950
9772113UG3997S,M,,0,950
9772114UG3997S,M,,0,950
9873064UG3997S,M,,0,950
9873065UG3997S,M,,0,950
2586899UG4928N,M,,0,948
2846302UG4924N,M,,0,948
0809915UG3900N,M,,0,947
0810929UG3901S,M,,0,947
3225520UG4932N,M,,0,947
6321211UG3962S,M,,0,946
0809937UG3900N,M,,0,945
0809938UG3900N,M,,0,945
5139801UG4953N,M,,0,945
1187646UG4918N,M,,0,944
2486518UG4928N,M,,0,943
4675010UH4047N,M,,0,943
0812930UG3901S,M,,0,942
7940810UH3074S,M,,0,941
7932214UG3973S,M,,0,936
0812929UG3901S,M,,0,935
0812909UG3901S,M,,0,933
6797603UG3869N,M,,0,933
2588232UG4928N,M,,0,931
4677050UH4047N,M,,0,931
5583103UG4958S,M,,0,931
7940811UH3074S,M,,0,931
0812925UG3901S,M,,0,929
0812920UG3901S,M,,0,927
7940813UH3074S,M,,0,924
8170201UG4987S,M,,0,924
8170202UG4987S,M,,0,924
8170203UG4987S,M,,0,924
0812918UG3901S,M,,0,923
25868A0UG4928N,M,,0,920
0809940UG3900N,M,,0,919
2108516UH5020N,M,,0,919
8133908UG3983S,M,,0,917
4378603UH4047N,M,,0,915
7833601UG3973S,M,,0,913
7833611UG3973S,M,,0,913
7833614UG3973S,M,,0,913
7833624UG3973S,M,,0,913
7834901UG3973S,M,,0,913
7834911UG3973S,M,,0,913
7834914UG3973S,M,,0,913
7834924UG3973S,M,,0,913
7932201UG3973S,M,,0,913
7932211UG3973S,M,,0,913
4543107UG4944S,M,,0,912
1657303UG4915N,M,,0,909
0493713UG3809S,M,,0,902
25868A1UG4928N,M,,0,902
8133901UG3983S,M,,0,902
7071074UG4977S,M,,0,900
0812905UG3901S,M,,0,899
0812921UG3901S,M,,0,899
3794054UG3939S,M,,0,899
4477305UH4047N,M,,0,897
8836312UG3983N,M,,0,896
25868A2UG4928N,M,,0,894
2029812UG4922N,M,,0,893
25868A3UG4928N,M,,0,887
2872110UG4927S,M,,0,887
25868A4UG4928N,M,,0,885
25868A8UG4928N,M,,0,885
4277610UH4047N,M,,0,884
25868A7UG4928N,M,,0,883
2588212UG4928N,M,,0,883
7940812UH3074S,M,,0,883
25868A5UG4928N,M,,0,881
2588220UG4928N,M,,0,881
25868A6UG4928N,M,,0,880
8134901UG3983S,M,,0,879
6276407UG5567N,M,,0,878
5463101UG4956S,M,,0,875
5463901UG4956S,M,,0,875
8134911UG3983S,M,,0,875
2153703UG4925S,M,,0,874
6058202UG4965N,M,,0,874
4677051UH4047N,M,,0,873
2621411UH5022S,M,,0,871
4477309UH4047N,M,,0,870
4942423UG4944S,M,,0,869
4677052UH4047N,M,,0,868
2108513UH5020N,M,,0,866
1011201UG3911S,M,,0,863
14900A10900384,M,,0,863
25868B0UG4928N,M,,0,861
4277605UH4047N,M,,0,861
4277606UH4047N,M,,0,861
8133909UG3983S,M,,0,858
8134924UG3983S,M,,0,856
8071701UG4987S,M,,0,851
8071702UG4987S,M,,0,851
8071703UG4987S,M,,0,851
8071704UG4987S,M,,0,851
8071705UG4987S,M,,0,851
8071706UG4987S,M,,0,851
8071707UG4987S,M,,0,851
8071708UG4987S,M,,0,851
8071709UG4987S,M,,0,851
1111130UG3911S,M,,0,850
2108514UH5020N,M,,0,850
1979506UG4917N,M,,0,849
2416021UH5021N,M,,0,849
2165811UG4926N,M,,0,847
2515011UH5021N,M,,0,847
2588221UG4928N,M,,0,845
2108515UH5020N,M,,0,840
4295507UG5949N,M,,0,840
1111170UG3911S,M,,0,835
1285201UG4918N,M,,0,832
0719065UG4901N,M,,0,830
1047301UG4914N,M,,0,830
0812933UG3901S,M,,0,829
6331305UG3963S,M,,0,828
2494309UG5929S,M,,0,826
2494310UG5929S,M,,0,825
25868A9UG4928N,M,,0,824
2971919UG4927S,M,,0,820
4677055UH4047N,M,,0,820
2873717UG4927S,M,,0,819
8738126UH3083N,M,,0,818
0809925UG3900N,M,,0,816
8134914UG3983S,M,,0,812
1257103UG4915N,M,,0,808
4677054UH4047N,M,,0,808
6052405UG4965S,M,,0,808
7961801UG4976S,M,,0,807
4677043UH4047N,M,,0,805
2515014UH5021N,M,,0,804
5352923UG4955S,M,,0,804
14900A10900276,M,,0,803
1657302UG4915N,M,,0,800
2588222UG4928N,M,,0,800
5382114UG4958S,M,,0,800
5382115UG4958S,M,,0,800
8173301UG4987S,M,,0,799
8173302UG4987S,M,,0,799
8173303UG4987S,M,,0,799
8173304UG4987S,M,,0,799
8173305UG4987S,M,,0,799
8173306UG4987S,M,,0,799
8173307UG4987S,M,,0,799
8173308UG4987S,M,,0,799
8173309UG4987S,M,,0,799
8173310UG4987S,M,,0,799
8173311UG4987S,M,,0,799
8173312UG4987S,M,,0,799
4677053UH4047N,M,,0,798
4477307UH4047N,M,,0,796
7940815UH3074S,M,,0,787
14900A06800163,M,,0,783
2416018UH5021N,M,,0,782
4677037UH4047N,M,,0,782
14900A11000099,M,,0,780
1657301UG4915N,M,,0,780
3094308UG3939S,M,,0,780
2416017UH5021N,M,,0,777
2515009UH5021N,M,,0,777
6331306UG3963S,M,,0,775
8635410UG3983N,M,,0,774
14900A10900066,M,,0,772
7761231UG4976S,M,,0,772
8060701UG4986S,M,,0,771
2410011UH5021S,M,,0,770
3498004UG3939N,M,,0,769
3498008UG3939N,M,,0,769
3498009UG3939N,M,,0,769
3498010UG3939N,M,,0,769
3498011UG3939N,M,,0,769
3498012UG3939N,M,,0,769
3849649UG4934N,M,,0,768
1111123UG3911S,M,,0,767
1111168UG3911S,M,,0,767
2068411UG4926N,M,,0,767
7073022UG4977S,M,,0,765
4677048UH4047N,M,,0,764
2971917UG4927S,M,,0,763
4477306UH4047N,M,,0,763
7940805UH3074S,M,,0,762
0808953UG3900N,M,,0,761
4677042UH4047N,M,,0,760
4677057UH4047N,M,,0,760
3271204UG4937S,M,,0,757
4477308UH4047N,M,,0,757
4677056UH4047N,M,,0,756
2966204UG4926N,M,,0,751
2971920UG4927S,M,,0,751
14900A08600075,M,,0,750
14900A08600076,M,,0,750
2068404UG4926N,M,,0,750
2068409UG4926N,M,,0,750
2967710UG4926N,M,,0,750
3370206UG4937S,M,,0,750
4677041UH4047N,M,,0,750
4677044UH4047N,M,,0,750
4677045UH4047N,M,,0,750
4677046UH4047N,M,,0,750
4677047UH4047N,M,,0,750
0808910UG3900N,M,,0,748
0808982UG3900N,M,,0,747
1379623UG4917N,M,,0,746
2108512UH5020N,M,,0,746
2874203UG4927S,M,,0,745
14900A08000215,M,,0,743
1277407UG4917N,M,,0,742
2515010UH5021N,M,,0,742
7940802UH3074S,M,,0,740
0814906UG3901S,M,,0,739
4235202UG4943N,M,,0,736
2588219UG4928N,M,,0,735
0808965UG3900N,M,,0,734
3277736UG4937N,M,,0,734
8539924UH3084S,M,,0,734
14900A11000177,M,,0,733
0809932UG3900N,M,,0,732
1187659UG4918N,M,,0,725
0808966UG3900N,M,,0,724
5100902UH4050S,M,,0,723
2515013UH5021N,M,,0,721
2108511UH5020N,M,,0,720
8436718UG3983N,M,,0,720
8436719UG3983N,M,,0,720
8436720UG3983N,M,,0,720
8436721UG3983N,M,,0,720
8436722UG3983N,M,,0,720
8436723UG3983N,M,,0,720
8436724UG3983N,M,,0,720
8436725UG3983N,M,,0,720
2872109UG4927S,M,,0,718
3126702UG4932N,M,,0,718
0809941UG3900N,M,,0,714
1178616UG4917N,M,,0,714
4299202UG3849N,M,,0,713
8635406UG3983N,M,,0,713
1277414UG4917N,M,,0,711
8635407UG3983N,M,,0,711
6177105UG5567N,M,,0,710
8635408UG3983N,M,,0,710
1277415UG4917N,M,,0,709
14900A11000178,M,,0,708
5274415UH4057S,M,,0,708
8635409UG3983N,M,,0,708
8635404UG3983N,M,,0,707
8635405UG3983N,M,,0,706
5274417UH4057S,M,,0,705
2874206UG4927S,M,,0,704
5274416UH4057S,M,,0,703
0814907UG3901S,M,,0,702
2874207UG4927S,M,,0,701
8635403UG3983N,M,,0,700
3459601UG4935N,M,,0,699
5274414UH4057S,M,,0,698
1210212UG3911S,M,,0,697
2609385UH5020N,M,,0,695
3495089UG3939N,M,,0,694
0808967UG3900N,M,,0,693
0808969UG3900N,M,,0,693
4677040UH4047N,M,,0,693
4677039UH4047N,M,,0,692
0808940UG3900N,M,,0,690
6161205UG4966S,M,,0,690
0808955UG3900N,M,,0,689
0808956UG3900N,M,,0,689
3941207UG4934S,M,,0,689
5100907UH4050S,M,,0,683
0808931UG3900N,M,,0,682
6276408UG5567N,M,,0,682
4471302UH4047S,M,,0,675
3126701UG4932N,M,,0,674
7761201UG4976S,M,,0,674
4356911UG4945N,M,,0,673
2588224UG4928N,M,,0,671
14900A10909020,M,,0,670
1111187UG3911S,M,,0,669
1111159UG3911S,M,,0,667
1111165UG3911S,M,,0,666
7761230UG4976S,M,,0,666
5976310UG5767N,M,,0,665
0808930UG3900N,M,,0,664
0567601UG4806N,M,,0,663
4677029UH4047N,M,,0,663
14900A11000179,M,,0,660
2819057UH5021N,M,,0,660
3396019UG3939N,M,,0,660
2588226UG4928N,M,,0,659
2588223UG4928N,M,,0,657
3849647UG4934N,M,,0,653
0808954UG3900N,M,,0,652
2588225UG4928N,M,,0,652
0810938UG3901S,M,,0,649
1277401UG4917N,M,,0,649
1277416UG4917N,M,,0,648
1057101UG4915N,M,,0,647
14900A11000118,M,,0,647
7940807UH3074S,M,,0,647
2873712UG4927S,M,,0,642
7460508UG4976S,M,,0,640
9142415UG3994S,M,,0,640
1157302UG4915N,M,,0,638
14900A10900343,M,,0,638
4677027UH4047N,M,,0,638
4677028UH4047N,M,,0,638
2588227UG4928N,M,,0,635
2609384UH5020N,M,,0,633
3430905UG4933S,M,,0,633
4705135UG3940N,M,,0,633
7959304UG4975N,M,,0,633
4677032UH4047N,M,,0,632
2588218UG4928N,M,,0,631
4646220UG4944N,M,,0,631
2588214UG4928N,M,,0,630
2588215UG4928N,M,,0,630
2588216UG4928N,M,,0,630
2588217UG4928N,M,,0,630
2588229UG4928N,M,,0,630
2588230UG4928N,M,,0,630
2588231UG4928N,M,,0,630
2609374UH5020N,M,,0,630
2588213UG4928N,M,,0,629
2588228UG4928N,M,,0,629
4677025UH4047N,M,,0,628
4677026UH4047N,M,,0,623
2609386UH5020N,M,,0,621
0811903UG3901S,M,,0,620
1011202UG3911S,M,,0,620
1011237UG3911S,M,,0,620
2494308UG5929S,M,,0,620
0811915UG3901S,M,,0,619
1011239UG3911S,M,,0,619
1178601UG4917N,M,,0,618
1111186UG3911S,M,,0,614
1379635UG4917N,M,,0,614
14900A10800120,M,,0,614
4677038UH4047N,M,,0,614
1210227UG3911S,M,,0,613
3370202UG4937S,M,,0,609
4235201UG4943N,M,,0,609
5072218UH4057S,M,,0,609
2873711UG4927S,M,,0,608
3324603UG4932S,M,,0,608
5266101UG4956N,M,,0,608
1111101UG3911S,M,,0,607
1011247UG3911S,M,,0,606
5362502UG4956S,M,,0,606
4677030UH4047N,M,,0,605
1011224UG3911S,M,,0,604
1277417UG4917N,M,,0,604
1277418UG4917N,M,,0,604
3259304UG4935N,M,,0,604
0811912UG3901S,M,,0,603
0811913UG3901S,M,,0,603
27140A3UH5021S,M,,0,603
4677031UH4047N,M,,0,603
1277419UG4917N,M,,0,602
0808961UG3900N,M,,0,601
1178618UG4917N,M,,0,601
0808963UG3900N,M,,0,600
0809930UG3900N,M,,0,600
0809931UG3900N,M,,0,600
4243234UG4944S,M,,0,598
14900A11000169,M,,0,597
4677036UH4047N,M,,0,597
4705131UG3940N,M,,0,595
4677034UH4047N,M,,0,592
1061419UG4916S,M,,0,590
2874212UG4927S,M,,0,590
7940804UH3074S,M,,0,590
4677033UH4047N,M,,0,587
14900A09900083,M,,0,585
4677035UH4047N,M,,0,585
7940803UH3074S,M,,0,584
5699801UG4959N,M,,0,583
8836321UG3983N,M,,0,578
7932219UG3973S,M,,0,576
14900A10500340,M,,0,574
4673016UH4047S,M,,0,571
7932218UG3973S,M,,0,569
8436727UG3983N,M,,0,563
1405402UG3910N,M,,0,561
4147334UG4944N,M,,0,561
7932217UG3973S,M,,0,561
3430203UG4933S,M,,0,559
8836310UG3983N,M,,0,556
7932216UG3973S,M,,0,554
1386702UG4918N,M,,0,553
7959303UG4975N,M,,0,553
1472942UG4917S,M,,0,552
3836618UG4933N,M,,0,550
4875405UH4047N,M,,0,550
1890506UG4919S,M,,0,546
7932215UG3973S,M,,0,546
14900A10900067,M,,0,545
8539923UH3084S,M,,0,545
6430301UG3963S,M,,0,543
8836311UG3983N,M,,0,543
8836319UG3983N,M,,0,542
4038348UG4943N,M,,0,541
5438809UG4953N,M,,0,541
8635402UG3983N,M,,0,538
0101083UG3900S,M,,0,536
4444359UG4944S,M,,0,536
3794057UG3939S,M,,0,534
8836315UG3983N,M,,0,532
8836305UG3983N,M,,0,531
8836306UG3983N,M,,0,531
8836307UG3983N,M,,0,531
8836308UG3983N,M,,0,531
4038351UG4943N,M,,0,530
8836314UG3983N,M,,0,529
2819008UH5021N,M,,0,527
3064418UG4936S,M,,0,527
8836313UG3983N,M,,0,527
7833602UG3973S,M,,0,525
7833603UG3973S,M,,0,525
7833604UG3973S,M,,0,525
7833605UG3973S,M,,0,525
7833606UG3973S,M,,0,525
7833607UG3973S,M,,0,525
7833608UG3973S,M,,0,525
7833609UG3973S,M,,0,525
7833610UG3973S,M,,0,525
7833615UG3973S,M,,0,525
7833616UG3973S,M,,0,525
7833617UG3973S,M,,0,525
7833618UG3973S,M,,0,525
7833619UG3973S,M,,0,525
7833620UG3973S,M,,0,525
7833621UG3973S,M,,0,525
7833622UG3973S,M,,0,525
7833623UG3973S,M,,0,525
7834902UG3973S,M,,0,525
7834903UG3973S,M,,0,525
7834904UG3973S,M,,0,525
7834905UG3973S,M,,0,525
7834906UG3973S,M,,0,525
7834907UG3973S,M,,0,525
7834908UG3973S,M,,0,525
7834909UG3973S,M,,0,525
7834910UG3973S,M,,0,525
7834915UG3973S,M,,0,525
7834916UG3973S,M,,0,525
7834917UG3973S,M,,0,525
7834918UG3973S,M,,0,525
7834919UG3973S,M,,0,525
7834920UG3973S,M,,0,525
7834921UG3973S,M,,0,525
7834922UG3973S,M,,0,525
7834923UG3973S,M,,0,525
7932202UG3973S,M,,0,525
7932203UG3973S,M,,0,525
7932204UG3973S,M,,0,525
7932205UG3973S,M,,0,525
7932206UG3973S,M,,0,525
7932207UG3973S,M,,0,525
7932208UG3973S,M,,0,525
7932209UG3973S,M,,0,525
7932210UG3973S,M,,0,525
14900A06800012,M,,0,523
5729609UG3952N,M,,0,522
8133917UG3983S,M,,0,521
7833612UG3973S,M,,0,519
7833613UG3973S,M,,0,519
7833625UG3973S,M,,0,519
7833626UG3973S,M,,0,519
7834912UG3973S,M,,0,519
7834913UG3973S,M,,0,519
7834925UG3973S,M,,0,519
7834926UG3973S,M,,0,519
7932212UG3973S,M,,0,519
7932213UG3973S,M,,0,519
7932226UG3973S,M,,0,519
6539506UG4963N,M,,0,518
8133903UG3983S,M,,0,516
8133906UG3983S,M,,0,516
8133911UG3983S,M,,0,516
8133914UG3983S,M,,0,516
4477310UH4047N,M,,0,515
14900A11000119,M,,0,514
8133904UG3983S,M,,0,513
8133913UG3983S,M,,0,513
8133905UG3983S,M,,0,511
4972218UH4047S,M,,0,510
9771201UG3997S,M,,0,510
1308704UG3910N,M,,0,508
8133907UG3983S,M,,0,507
8133910UG3983S,M,,0,507
8133902UG3983S,M,,0,505
8133915UG3983S,M,,0,505
8134902UG3983S,M,,0,504
8134903UG3983S,M,,0,504
8134904UG3983S,M,,0,504
8134905UG3983S,M,,0,504
8134909UG3983S,M,,0,504
8134910UG3983S,M,,0,504
8134915UG3983S,M,,0,504
8134916UG3983S,M,,0,504
8134917UG3983S,M,,0,504
8134918UG3983S,M,,0,504
8134919UG3983S,M,,0,504
8134920UG3983S,M,,0,504
8134921UG3983S,M,,0,504
8134922UG3983S,M,,0,504
8134923UG3983S,M,,0,504
8134925UG3983S,M,,0,504
8134926UG3983S,M,,0,504
2309529UG4920N,M,,0,500
3194105UG3939S,M,,0,500
6485111UG4968N,M,,0,500
7959302UG4975N,M,,0,500
9851210UG4995S,M,,0,500
9851211UG4995S,M,,0,500
9954304UG4995S,M,,0,500
4778012UH4047N,M,,0,499
0808978UG3900N,M,,0,497
4038350UG4943N,M,,0,494
2819006UH5021N,M,,0,493
2819005UH5021N,M,,0,492
3847703UG4934N,M,,0,486
2819056UH5021N,M,,0,485
4705132UG3940N,M,,0,485
8134912UG3983S,M,,0,485
4348615UG4944N,M,,0,483
1308506UG3910N,M,,0,482
2819012UH5021N,M,,0,482
2012601UG3921S,M,,0,480
2609382UH5020N,M,,0,480
3352618UG4935S,M,,0,475
8134913UG3983S,M,,0,475
3219518UG3931N,M,,0,473
9142417UG3994S,M,,0,470
4449610UG4944N,M,,0,467
2819007UH5021N,M,,0,466
2947204UG4924N,M,,0,466
2651301UG4925S,M,,0,461
3937313UG4933N,M,,0,461
14900A11000107,M,,0,460
3849648UG4934N,M,,0,458
4872501UH4047S,M,,0,452
3552812UG4935S,M,,0,451
56941B1UG4959S,M,,0,451
2309503UG4920N,M,,0,450
4294716UG3849S,M,,0,441
1062201UG4916S,M,,0,439
4503817UG3940S,M,,0,434
3942201UG4934S,M,,0,432
6378209UG5567N,M,,0,430
4038349UG4943N,M,,0,429
0944202UG4904S,M,,0,427
4975015UH4047N,M,,0,426
4645921UG4944N,M,,0,425
0811908UG3901S,M,,0,421
3639404UG4933N,M,,0,421
1934909UG4913S,M,,0,420
2753716UG4925S,M,,0,420
2819011UH5021N,M,,0,417
3064422UG4936S,M,,0,416
0811909UG3901S,M,,0,415
8611712UG3981S,M,,0,414
4295506UG5949N,M,,0,410
7714007UG3971S,M,,0,410
5831803UG3953S,M,,0,407
2796901UG5929N,M,,0,406
2819009UH5021N,M,,0,405
2753404UG4925S,M,,0,404
0101022UG3900S,M,,0,402
1582425UG4918S,M,,0,402
1101058UG3910S,M,,0,400
2213901UG3921S,M,,0,400
3802259UH5030S,M,,0,400
3873627UG4937S,M,,0,398
2609379UH5020N,M,,0,392
3872912UG4937S,M,,0,392
14900A11000060,M,,0,390
0977307UG4907N,M,,0,385
5249509UG4954N,M,,0,385
2609375UH5020N,M,,0,378
4687820UG5948N,M,,0,375
4553606UG4945S,M,,0,373
2336303UG4923N,M,,0,370
3854915UG4935S,M,,0,369
4035103UG4943N,M,,0,369
1491214UG4919S,M,,0,368
3740910UG4934S,M,,0,367
5382162UG4958S,M,,0,367
6009607UG3960N,M,,0,366
1308702UG3910N,M,,0,363
4147348UG4944N,M,,0,362
0592913UG3809S,M,,0,361
3064425UG4936S,M,,0,360
6477206UG5567N,M,,0,360
2609383UH5020N,M,,0,358
1750313UG4915S,M,,0,357
2494811UG5929S,M,,0,356
4705125UG3940N,M,,0,355
2414633UG3921S,M,,0,354
4038336UG4943N,M,,0,345
14900A11000059,M,,0,344
4492002UG5949S,M,,0,344
4688028UG5948N,M,,0,344
5072301UH4057S,M,,0,344
14900A11000063,M,,0,343
5694183UG4959S,M,,0,343
3094020UG3939S,M,,0,342
8539918UH3084S,M,,0,342
4652101UG4945S,M,,0,341
3495407UG3939N,M,,0,340
2609376UH5020N,M,,0,334
3430903UG4933S,M,,0,333
4444353UG4944S,M,,0,331
14900A10900109,M,,0,330
14900A11000064,M,,0,330
3430904UG4933S,M,,0,330
3844427UG4934S,M,,0,326
2213931UG3921S,M,,0,324
2609377UH5020N,M,,0,324
1162606UG4916S,M,,0,323
6331337UG3963S,M,,0,322
4705130UG3940N,M,,0,321
4748506UG4944N,M,,0,321
3959206UG4935N,M,,0,319
7764707UG4976S,M,,0,318
2754733UG4925S,M,,0,317
2819014UH5021N,M,,0,317
2609378UH5020N,M,,0,315
2819013UH5021N,M,,0,315
2819016UH5021N,M,,0,315
4254112UG4945S,M,,0,315
4492008UG5949S,M,,0,315
2819015UH5021N,M,,0,314
3859605UG4935N,M,,0,313
6477205UG5567N,M,,0,313
8436702UG3983N,M,,0,313
8436703UG3983N,M,,0,313
8436704UG3983N,M,,0,313
8436705UG3983N,M,,0,313
8436706UG3983N,M,,0,313
8436707UG3983N,M,,0,313
8436708UG3983N,M,,0,313
8436709UG3983N,M,,0,313
8436710UG3983N,M,,0,313
8436711UG3983N,M,,0,313
8436712UG3983N,M,,0,313
8436713UG3983N,M,,0,313
8436714UG3983N,M,,0,313
8436715UG3983N,M,,0,313
8635413UG3983N,M,,0,313
8635417UG3983N,M,,0,313
8635418UG3983N,M,,0,313
8635419UG3983N,M,,0,313
8635420UG3983N,M,,0,313
8635421UG3983N,M,,0,313
8635422UG3983N,M,,0,313
8635423UG3983N,M,,0,313
8635424UG3983N,M,,0,313
2819017UH5021N,M,,0,311
1445406UG4914N,M,,0,310
14900A10900340,M,,0,310
3802221UH5030S,M,,0,310
4254232UG4945S,M,,0,310
4653339UG4945S,M,,0,310
5877708UG5767N,M,,0,310
1160410UG4916S,M,,0,309
3258810UG4935N,M,,0,309
7763909UG4976S,M,,0,304
3258802UG4935N,M,,0,302
4548203UG4944N,M,,0,301
1934913UG4913S,M,,0,300
2609380UH5020N,M,,0,300
2753403UG4925S,M,,0,300
3431702UG4933S,M,,0,300
6251503UG4965S,M,,0,300
6351506UG4965S,M,,0,300
6351512UG4965S,M,,0,300
6351513UG4965S,M,,0,300
6351516UG4965S,M,,0,300
6353401UG4965S,M,,0,300
6353404UG4965S,M,,0,300
6452909UG4965S,M,,0,300
6452910UG4965S,M,,0,300
6452911UG4965S,M,,0,300
6453103UG4965S,M,,0,300
6453107UG4965S,M,,0,300
7763812UG4976S,M,,0,300
8711804UG3981S,M,,0,299
4705137UG3940N,M,,0,298
1260434UG4916S,M,,0,297
2816929UG3921N,M,,0,297
4544902UG4944S,M,,0,297
0808989UG3900N,M,,0,295
7762301UG4976S,M,,0,295
3873811UG4937S,M,,0,294
1260405UG4916S,M,,0,291
1750111UG4915S,M,,0,291
7764701UG4976S,M,,0,290
4135616UG4943N,M,,0,289
1308703UG3910N,M,,0,288
4153942UG4945S,M,,0,288
7762212UG4976S,M,,0,287
7762213UG4976S,M,,0,287
3748903UG4934N,M,,0,286
4446214UG4944N,M,,0,286
0611119UG3901S,M,,0,285
4253510UG4945S,M,,0,284
1294618UG4919S,M,,0,283
3238312UG4933N,M,,0,281
3157901UG4935N,M,,0,280
3395208UG3939N,M,,0,280
5877705UG5767N,M,,0,274
6277215UG5567N,M,,0,271
7762316UG4976S,M,,0,271
8636339UG3983N,M,,0,271
4945913UG4944N,M,,0,270
4453806UG4945S,M,,0,269
5362501UG4956S,M,,0,269
2755706UG4925N,M,,0,267
1750112UG4915S,M,,0,266
1405703UG3910N,M,,0,265
7764702UG4976S,M,,0,265
7764703UG4976S,M,,0,265
7764704UG4976S,M,,0,265
7764705UG4976S,M,,0,265
7764706UG4976S,M,,0,265
3430201UG4933S,M,,0,264
3859508UG4935N,M,,0,264
4459407UG4945N,M,,0,264
4459464UG4945N,M,,0,264
3358118UG4935N,M,,0,263
1445407UG4914N,M,,0,261
0808981UG3900N,M,,0,259
4243204UG4944S,M,,0,258
4726907UG3942N,M,,0,258
4726908UG3942N,M,,0,258
3243119UG4934S,M,,0,257
7762310UG4976S,M,,0,257
7762311UG4976S,M,,0,257
7762312UG4976S,M,,0,257
6109714UG3960N,M,,0,256
7763907UG4976S,M,,0,255
7763908UG4976S,M,,0,255
14900A11000113,M,,0,254
2753402UG4925S,M,,0,254
5754202UG4955S,M,,0,254
14900A10900001,M,,0,253
0961718UG4906S,M,,0,252
25959A0UG5929N,M,,0,252
3873617UG4937S,M,,0,252
3451602UG4935S,M,,0,251
1184607UG4918S,M,,0,250
1184655UG4918S,M,,0,250
2773381UG4927S,M,,0,250
4451912UG4945S,M,,0,250
14900A11000166,M,,0,249
3639402UG4933N,M,,0,248
3471736UG4937S,M,,0,247
6277233UG5567N,M,,0,243
1260435UG4916S,M,,0,239
8436701UG3983N,M,,0,239
3451603UG4935S,M,,0,234
3114904UG3931S,M,,0,233
3744313UG4934S,M,,0,232
2753401UG4925S,M,,0,228
0810928UG3901S,M,,0,226
6151915UG4965S,M,,0,226
6077917UG5767N,M,,0,225
7031518UG3973S,M,,0,225
1144212UG4914S,M,,0,224
2754717UG4925S,M,,0,224
3240530UG4934S,M,,0,224
1679524UG4917N,M,,0,223
1911429UG3911S,M,,0,222
5556203UG4955N,M,,0,222
4291023UG5949S,M,,0,221
4444306UG4944S,M,,0,220
3158111UG4935N,M,,0,219
2854804UG4925S,M,,0,218
1254401UG4915S,M,,0,215
3199604UH5030S,M,,0,215
3358117UG4935N,M,,0,213
3402104UH5030S,M,,0,213
2754708UG4925S,M,,0,211
2444631UG4924S,M,,0,210
3402107UH5030S,M,,0,210
4137330UG4943N,M,,0,210
4247607UG4944N,M,,0,210
2753913UG4925S,M,,0,209
3402102UH5030S,M,,0,209
4137304UG4943N,M,,0,209
2352802UG4925S,M,,0,208
3402103UH5030S,M,,0,208
3402105UH5030S,M,,0,208
3402106UH5030S,M,,0,207
7530126UG3973S,M,,0,206
0604255UG3900S,M,,0,205
1082510UG4918S,M,,0,205
3146820UG4934N,M,,0,205
3402108UH5030S,M,,0,205
4235203UG4943N,M,,0,205
7530111UG3973S,M,,0,204
3402101UH5030S,M,,0,203
3402109UH5030S,M,,0,203
3402110UH5030S,M,,0,202
4443236UG4944S,M,,0,202
6458401UG4965N,M,,0,202
1710407UG3911S,M,,0,201
3199605UH5030S,M,,0,201
6477208UG5567N,M,,0,201
4650915UG4945S,M,,0,200
6278008UG5567N,M,,0,200
6379024UG5567N,M,,0,200
8511611UG3981S,M,,0,200
8636338UG3983N,M,,0,200
3301310UH5030S,M,,0,198
3859407UG4935N,M,,0,198
1143403UG4914S,M,,0,197
6177104UG5567N,M,,0,196
1043721UG4914S,M,,0,195
3301309UH5030S,M,,0,195
3471723UG4937S,M,,0,195
3471724UG4937S,M,,0,195
3471725UG4937S,M,,0,195
3471726UG4937S,M,,0,195
4491203UG5949S,M,,0,195
0808980UG3900N,M,,0,194
1143405UG4914S,M,,0,193
3301308UH5030S,M,,0,193
9873052UG3997S,M,,0,193
1043705UG4914S,M,,0,192
3301307UH5030S,M,,0,191
8636320UG3983N,M,,0,190
8636321UG3983N,M,,0,190
1043708UG4914S,M,,0,189
1750115UG4915S,M,,0,189
1750311UG4915S,M,,0,189
1750314UG4915S,M,,0,189
1750315UG4915S,M,,0,189
3702401UH5030S,M,,0,189
4971206UH4047S,M,,0,189
1644509UG4914S,M,,0,188
3301306UH5030S,M,,0,188
4249104UG4944N,M,,0,188
3402111UH5030S,M,,0,187
3402112UH5030S,M,,0,187
4146804UG4944N,M,,0,187
8636323UG3983N,M,,0,187
3301305UH5030S,M,,0,186
3702417UH5030S,M,,0,186
4147330UG4944N,M,,0,186
4254213UG4945S,M,,0,186
2351301UG4925S,M,,0,185
3036924UG4933N,M,,0,185
3735605UG4933N,M,,0,185
5249508UG4954N,M,,0,185
8635412UG3983N,M,,0,185
8636322UG3983N,M,,0,185
1405702UG3910N,M,,0,184
3199601UH5030S,M,,0,184
3471727UG4937S,M,,0,184
3471728UG4937S,M,,0,183
3471729UG4937S,M,,0,183
4042506UG4944S,M,,0,183
1143406UG4914S,M,,0,182
3301304UH5030S,M,,0,182
3471730UG4937S,M,,0,182
3471731UG4937S,M,,0,181
3471733UG4937S,M,,0,181
3471735UG4937S,M,,0,181
6009605UG3960N,M,,0,181
6077913UG5767N,M,,0,181
2351302UG4925S,M,,0,180
3471732UG4937S,M,,0,180
3471734UG4937S,M,,0,180
2958411UG4925N,M,,0,179
3059320UG4935N,M,,0,179
0202975UG3900S,M,,0,178
3301303UH5030S,M,,0,177
3402113UH5030S,M,,0,177
4254227UG4945S,M,,0,177
5249507UG4954N,M,,0,177
8436728UG3983N,M,,0,177
3301302UH5030S,M,,0,175
4673015UH4047S,M,,0,175
6009616UG3960N,M,,0,175
9767014UG3996N,M,,0,175
3058325UG4935N,M,,0,174
3702416UH5030S,M,,0,173
3703311UH5030S,M,,0,173
4254102UG4945S,M,,0,173
4559450UG4945N,M,,0,173
4971207UH4047S,M,,0,173
1107716UG3910N,M,,0,172
4553605UG4945S,M,,0,172
2753909UG4925S,M,,0,171
3873614UG4937S,M,,0,171
4038339UG4943N,M,,0,171
3402114UH5030S,M,,0,170
3703310UH5030S,M,,0,170
3744312UG4934S,M,,0,170
2010224UG3921S,M,,0,168
2010229UG3921S,M,,0,168
3199602UH5030S,M,,0,168
3199607UH5030S,M,,0,167
3301301UH5030S,M,,0,167
2754718UG4925S,M,,0,166
4290053UG5949S,M,,0,166
2896408UG5929N,M,,0,165
3199603UH5030S,M,,0,165
4390082UG5949S,M,,0,165
3199606UH5030S,M,,0,164
3703309UH5030S,M,,0,164
3942246UG4934S,M,,0,164
4559413UG4945N,M,,0,164
6076003UG5767N,M,,0,164
0808990UG3900N,M,,0,163
1405705UG3910N,M,,0,163
3950804UG4935S,M,,0,163
2312113UG3921S,M,,0,162
2312114UG3921S,M,,0,162
2957715UG4925N,M,,0,162
1910609UG3911S,M,,0,160
9142414UG3994S,M,,0,160
6077905UG5767N,M,,0,159
4290011UG5949S,M,,0,158
4687821UG5948N,M,,0,158
4188403UG5948N,M,,0,157
8636307UG3983N,M,,0,157
8636308UG3983N,M,,0,157
8636314UG3983N,M,,0,157
8636315UG3983N,M,,0,157
8636316UG3983N,M,,0,157
8636319UG3983N,M,,0,157
8636325UG3983N,M,,0,157
8636326UG3983N,M,,0,157
8636327UG3983N,M,,0,157
8636328UG3983N,M,,0,157
8636329UG3983N,M,,0,157
8636330UG3983N,M,,0,157
8636334UG3983N,M,,0,157
8636335UG3983N,M,,0,157
8636336UG3983N,M,,0,157
8636337UG3983N,M,,0,157
2816932UG3921N,M,,0,156
3219530UG3931N,M,,0,156
4605804UG3940N,M,,0,156
14900A11000070,M,,0,154
5976901UG5757N,M,,0,154
4243216UG4944S,M,,0,153
8611706UG3981S,M,,0,153
4491008UG5949S,M,,0,152
5976902UG5757N,M,,0,152
0961426UG4906S,M,,0,150
1611709UG3911S,M,,0,148
2645202UG4924N,M,,0,148
2754731UG4925S,M,,0,148
4443234UG4944S,M,,0,147
4758114UG4945N,M,,0,147
14900A11000071,M,,0,146
6477210UG5567N,M,,0,146
2213929UG3921S,M,,0,145
1160402UG4916S,M,,0,144
1160404UG4916S,M,,0,144
3941203UG4934S,M,,0,144
4443235UG4944S,M,,0,143
1607714UG3910N,M,,0,142
4153928UG4945S,M,,0,142
4061403UG4946S,M,,0,141
5165509UH4056N,M,,0,141
6077903UG5767N,M,,0,141
2753914UG4925S,M,,0,140
3802219UH5030S,M,,0,140
5143202UG4954S,M,,0,140
5650532UG4955S,M,,0,140
0961739UG4906S,M,,0,139
1208803UG3910N,M,,0,139
6379030UG5567N,M,,0,139
4143413UG4944S,M,,0,138
4291004UG5949S,M,,0,137
4660115UG4946S,M,,0,137
6379034UG5567N,M,,0,137
2753717UG4925S,M,,0,136
3836612UG4933N,M,,0,136
6077914UG5767N,M,,0,136
6477213UG5567N,M,,0,135
2494817UG5929S,M,,0,134
5976309UG5767N,M,,0,134
1062313UG4916S,M,,0,133
5072312UH4057S,M,,0,133
5072314UH4057S,M,,0,133
5976308UG5767N,M,,0,132
6077904UG5767N,M,,0,131
6378214UG5567N,M,,0,131
1710835UG3911S,M,,0,130
3735604UG4933N,M,,0,130
6077902UG5767N,M,,0,130
6379027UG5567N,M,,0,130
6477211UG5567N,M,,0,130
7530812UG3973S,M,,0,130
1485131UG4918N,M,,0,129
6379008UG5567N,M,,0,129
0309899UG3901S,M,,0,128
14900A11000176,M,,0,128
1710827UG3911S,M,,0,128
3873807UG4937S,M,,0,128
4452115UG4945S,M,,0,128
2753905UG4925S,M,,0,127
4137337UG4943N,M,,0,127
5072304UH4057S,M,,0,127
6378220UG5567N,M,,0,127
7429520UG3972N,M,,0,127
7429521UG3972N,M,,0,127
6477212UG5567N,M,,0,126
8637227UG3983N,M,,0,126
0961413UG4906S,M,,0,125
14900A11000170,M,,0,125
3329401UG4932N,M,,0,125
6009615UG3960N,M,,0,125
2494806UG5929S,M,,0,124
5976904UG5757N,M,,0,124
2455901UG4925N,M,,0,123
5976305UG5767N,M,,0,123
6378215UG5567N,M,,0,123
14900A11000171,M,,0,122
14900A11000172,M,,0,122
14900A11000173,M,,0,122
14900A11000174,M,,0,122
14900A11000175,M,,0,122
4188406UG5948N,M,,0,122
6378219UG5567N,M,,0,122
6379009UG5567N,M,,0,122
6477102UG5567N,M,,0,122
0961724UG4906S,M,,0,121
0963010UG4906S,M,,0,121
6077901UG5767N,M,,0,121
4188405UG5948N,M,,0,120
1111181UG3911S,M,,0,119
6378217UG5567N,M,,0,119
6378218UG5567N,M,,0,119
6379011UG5567N,M,,0,118
3802222UH5030S,M,,0,117
4689020UG5948N,M,,0,117
3942224UG4934S,M,,0,116
3851109UG4935S,M,,0,115
6009614UG3960N,M,,0,115
2754713UG4925S,M,,0,114
1061476UG4916S,M,,0,113
4359973UG4945N,M,,0,113
4643905UG4944S,M,,0,113
6077309UG5767N,M,,0,113
2796706UG5929N,M,,0,112
4559449UG4945N,M,,0,112
6077911UG5767N,M,,0,111
10009089230105,M,,0,110
3802215UH5030S,M,,0,110
4359603UG4945N,M,,0,110
3802216UH5030S,M,,0,109
4443252UG4944S,M,,0,109
2947207UG4924N,M,,0,108
3802203UH5030S,M,,0,107
5976303UG5767N,M,,0,106
5976304UG5767N,M,,0,106
4137307UG4943N,M,,0,105
1061474UG4916S,M,,0,104
1111179UG3911S,M,,0,104
1546122UG4914N,M,,0,104
1546123UG4914N,M,,0,104
2753915UG4925S,M,,0,104
3802214UH5030S,M,,0,104
43900A2UG5949S,M,,0,104
4459103UG4945N,M,,0,104
8636301UG3983N,M,,0,104
4359602UG4945N,M,,0,103
6077910UG5767N,M,,0,103
7530127UG3973S,M,,0,103
7530128UG3973S,M,,0,103
1061475UG4916S,M,,0,102
4359965UG4945N,M,,0,102
4705114UG3940N,M,,0,102
4953709UG4945S,M,,0,102
2445420UG4924N,M,,0,101
3245422UG4934N,M,,0,101
4359959UG4945N,M,,0,101
8636302UG3983N,M,,0,101
8636303UG3983N,M,,0,101
0691901UG3809S,M,,0,100
2444604UG4924S,M,,0,100
2444608UG4924S,M,,0,100
4871102UH4047S,M,,0,100
5355291UG4955N,M,,0,100
5850927UG4955S,M,,0,100
0963023UG4906S,M,,0,99
0963024UG4906S,M,,0,99
3942225UG4934S,M,,0,99
4357715UG4945N,M,,0,99
4657206UG4945N,M,,0,99
5976321UG5767N,M,,0,99
6077308UG5767N,M,,0,99
0491304UG3809S,M,,0,98
0963031UG4906S,M,,0,98
0963032UG4906S,M,,0,98
3802213UH5030S,M,,0,98
4689012UG5948N,M,,0,98
4871110UH4047S,M,,0,98
6110626UG3961S,M,,0,98
0491316UG3809S,M,,0,97
0491317UG3809S,M,,0,96
1491213UG4919S,M,,0,96
2213923UG3921S,M,,0,96
4459102UG4945N,M,,0,96
4459455UG4945N,M,,0,96
4357723UG4945N,M,,0,95
4660926UG4946S,M,,0,95
5976320UG5767N,M,,0,95
5976322UG5767N,M,,0,95
2454603UG4925S,M,,0,94
3802217UH5030S,M,,0,94
4359962UG4945N,M,,0,94
4359963UG4945N,M,,0,94
4359964UG4945N,M,,0,94
4660925UG4946S,M,,0,94
8636906UG3983N,M,,0,94
8636907UG3983N,M,,0,94
8636908UG3983N,M,,0,94
8636911UG3983N,M,,0,94
8636912UG3983N,M,,0,94
8636919UG3983N,M,,0,94
8636920UG3983N,M,,0,94
8636922UG3983N,M,,0,94
8636923UG3983N,M,,0,94
8636925UG3983N,M,,0,94
8637210UG3983N,M,,0,94
8637211UG3983N,M,,0,94
8637212UG3983N,M,,0,94
8637213UG3983N,M,,0,94
8637220UG3983N,M,,0,94
8637222UG3983N,M,,0,94
8637223UG3983N,M,,0,94
8637224UG3983N,M,,0,94
8637225UG3983N,M,,0,94
8637226UG3983N,M,,0,94
1160413UG4916S,M,,0,93
1160415UG4916S,M,,0,93
0963011UG4906S,M,,0,92
1546126UG4914N,M,,0,92
1546127UG4914N,M,,0,92
5976311UG5767N,M,,0,92
5976312UG5767N,M,,0,92
5976313UG5767N,M,,0,92
7031504UG3973S,M,,0,92
1111185UG3911S,M,,0,91
1208802UG3910N,M,,0,91
1546124UG4914N,M,,0,91
3747818UG4934N,M,,0,91
3802212UH5030S,M,,0,91
3873818UG4937S,M,,0,91
0945609UG4904N,M,,0,90
2754710UG4925S,M,,0,90
2958415UG4925N,M,,0,90
3396018UG3939N,M,,0,90
1092104UG4919S,M,,0,89
3740909UG4934S,M,,0,89
4254210UG4945S,M,,0,89
0945601UG4904N,M,,0,88
1062312UG4916S,M,,0,88
1546125UG4914N,M,,0,88
1546128UG4914N,M,,0,88
3802211UH5030S,M,,0,88
4459454UG4945N,M,,0,88
4758821UG4945N,M,,0,88
2753950UG4925S,M,,0,87
4401208UG3940S,M,,0,87
4425301UG4942N,M,,0,87
7530108UG3973S,M,,0,87
0945607UG4904N,M,,0,86
0945608UG4904N,M,,0,86
1093802UG4919S,M,,0,86
3802218UH5030S,M,,0,86
3846412UG4934N,M,,0,86
6077307UG5767N,M,,0,86
6152812UG4965S,M,,0,86
1061456UG4916S,M,,0,85
9698917UG2899N,M,,0,85
1160414UG4916S,M,,0,84
6152817UG4965S,M,,0,84
14900A11000114,M,,0,83
6152804UG4965S,M,,0,83
9142416UG3994S,M,,0,83
9698916UG2899N,M,,0,83
0963026UG4906S,M,,0,82
1061466UG4916S,M,,0,82
4359972UG4945N,M,,0,82
0963025UG4906S,M,,0,81
0963029UG4906S,M,,0,81
0963030UG4906S,M,,0,81
1208812UG3910N,M,,0,81
1546103UG4914N,M,,0,81
2753906UG4925S,M,,0,80
3396017UG3939N,M,,0,80
3802210UH5030S,M,,0,80
3944259UG4934S,M,,0,80
3961606UG4936S,M,,0,80
6152813UG4965S,M,,0,80
6152814UG4965S,M,,0,80
7429513UG3972N,M,,0,80
9698915UG2899N,M,,0,80
1062609UG4916S,M,,0,79
1160910UG4916S,M,,0,79
1644508UG4914S,M,,0,79
3802205UH5030S,M,,0,79
3944260UG4934S,M,,0,79
4294718UG3849S,M,,0,79
4359604UG4945N,M,,0,79
4359960UG4945N,M,,0,79
4459104UG4945N,M,,0,79
6277013UG5767N,M,,0,79
0992501UG4909S,M,,0,78
0992502UG4909S,M,,0,78
0992503UG4909S,M,,0,78
0992504UG4909S,M,,0,78
0992601UG4909S,M,,0,78
0992602UG4909S,M,,0,78
1091301UG4919S,M,,0,78
1091302UG4919S,M,,0,78
1091303UG4919S,M,,0,78
1091304UG4919S,M,,0,78
1092101UG4919S,M,,0,78
1092102UG4919S,M,,0,78
1092103UG4919S,M,,0,78
1093101UG4919S,M,,0,78
1093102UG4919S,M,,0,78
1093103UG4919S,M,,0,78
1093104UG4919S,M,,0,78
1093801UG4919S,M,,0,78
1093803UG4919S,M,,0,78
1093804UG4919S,M,,0,78
1093805UG4919S,M,,0,78
1093806UG4919S,M,,0,78
1093807UG4919S,M,,0,78
1093808UG4919S,M,,0,78
1093901UG4919S,M,,0,78
1093902UG4919S,M,,0,78
1093903UG4919S,M,,0,78
1093904UG4919S,M,,0,78
1588110UG4918N,M,,0,78
1588111UG4918N,M,,0,78
1588112UG4918N,M,,0,78
1588113UG4918N,M,,0,78
1588114UG4918N,M,,0,78
1588115UG4918N,M,,0,78
1788706UG4918N,M,,0,78
1788707UG4918N,M,,0,78
1788708UG4918N,M,,0,78
1788709UG4918N,M,,0,78
1788710UG4918N,M,,0,78
1788711UG4918N,M,,0,78
1788712UG4918N,M,,0,78
1788713UG4918N,M,,0,78
1788714UG4918N,M,,0,78
1788715UG4918N,M,,0,78
1788716UG4918N,M,,0,78
1788717UG4918N,M,,0,78
1788718UG4918N,M,,0,78
1788719UG4918N,M,,0,78
1788720UG4918N,M,,0,78
1788721UG4918N,M,,0,78
1788722UG4918N,M,,0,78
1788723UG4918N,M,,0,78
1788724UG4918N,M,,0,78
1788725UG4918N,M,,0,78
1788726UG4918N,M,,0,78
1788727UG4918N,M,,0,78
1788728UG4918N,M,,0,78
1788729UG4918N,M,,0,78
1788730UG4918N,M,,0,78
1788731UG4918N,M,,0,78
2753725UG4925S,M,,0,78
3802204UH5030S,M,,0,78
3851110UG4935S,M,,0,78
6152818UG4965S,M,,0,78
3802209UH5030S,M,,0,77
4605801UG3940N,M,,0,77
4062113UG4946S,M,,0,76
4650934UG4945S,M,,0,76
6277201UG5567N,M,,0,76
1546102UG4914N,M,,0,75
3942210UG4934S,M,,0,75
4359605UG4945N,M,,0,75
4359606UG4945N,M,,0,75
4359607UG4945N,M,,0,75
4359608UG4945N,M,,0,75
4359609UG4945N,M,,0,75
4359610UG4945N,M,,0,75
4359611UG4945N,M,,0,75
4359612UG4945N,M,,0,75
4359613UG4945N,M,,0,75
4359614UG4945N,M,,0,75
6276406UG5567N,M,,0,75
4359971UG4945N,M,,0,74
1061452UG4916S,M,,0,73
1061453UG4916S,M,,0,73
1061454UG4916S,M,,0,73
1061455UG4916S,M,,0,73
1062311UG4916S,M,,0,73
3802208UH5030S,M,,0,73
0963012UG4906S,M,,0,72
0963013UG4906S,M,,0,72
0963027UG4906S,M,,0,72
1062606UG4916S,M,,0,72
1062607UG4916S,M,,0,72
1208801UG3910N,M,,0,72
1208813UG3910N,M,,0,72
1208814UG3910N,M,,0,72
2753907UG4925S,M,,0,72
2753908UG4925S,M,,0,72
3735602UG4933N,M,,0,72
3802207UH5030S,M,,0,72
4359961UG4945N,M,,0,72
4359970UG4945N,M,,0,72
0963005UG4906S,M,,0,71
0963008UG4906S,M,,0,71
0963009UG4906S,M,,0,71
1062314UG4916S,M,,0,71
1062315UG4916S,M,,0,71
2753726UG4925S,M,,0,71
2753728UG4925S,M,,0,71
3702613UH5030S,M,,0,71
3802201UH5030S,M,,0,71
3802202UH5030S,M,,0,71
3802206UH5030S,M,,0,71
4359967UG4945N,M,,0,71
4359969UG4945N,M,,0,71
0945606UG4904N,M,,0,70
0963006UG4906S,M,,0,70
0963028UG4906S,M,,0,70
0963033UG4906S,M,,0,70
1062610UG4916S,M,,0,70
1062611UG4916S,M,,0,70
1162209UG4916S,M,,0,70
1162216UG4916S,M,,0,70
1308513UG3910N,M,,0,70
1608009UG3910N,M,,0,70
2753727UG4925S,M,,0,70
2753912UG4925S,M,,0,70
2753949UG4925S,M,,0,70
3702601UH5030S,M,,0,70
3702602UH5030S,M,,0,70
3702603UH5030S,M,,0,70
3702604UH5030S,M,,0,70
3702605UH5030S,M,,0,70
3702606UH5030S,M,,0,70
3702607UH5030S,M,,0,70
3702608UH5030S,M,,0,70
3702609UH5030S,M,,0,70
3702610UH5030S,M,,0,70
3702611UH5030S,M,,0,70
3702612UH5030S,M,,0,70
3802230UH5030S,M,,0,70
4359601UG4945N,M,,0,70
4359966UG4945N,M,,0,70
4359968UG4945N,M,,0,70
4459101UG4945N,M,,0,70
4459105UG4945N,M,,0,70
4459106UG4945N,M,,0,70
4459107UG4945N,M,,0,70
4459108UG4945N,M,,0,70
4459109UG4945N,M,,0,70
4459110UG4945N,M,,0,70
4459111UG4945N,M,,0,70
4459112UG4945N,M,,0,70
4459113UG4945N,M,,0,70
4459114UG4945N,M,,0,70
1611707UG3911S,M,,0,68
4046884UG4944N,M,,0,68
6277012UG5767N,M,,0,66
2896101UG5929N,M,,0,65
3735603UG4933N,M,,0,65
8636901UG3983N,M,,0,63
8636903UG3983N,M,,0,63
8636905UG3983N,M,,0,63
8636914UG3983N,M,,0,63
8636915UG3983N,M,,0,63
8636917UG3983N,M,,0,63
8636918UG3983N,M,,0,63
8637202UG3983N,M,,0,63
8637204UG3983N,M,,0,63
8637214UG3983N,M,,0,63
8637216UG3983N,M,,0,63
3639408UG4933N,M,,0,61
3744311UG4934S,M,,0,61
4147370UG4944N,M,,0,61
4137306UG4943N,M,,0,60
6377140UG5567N,M,,0,60
7230826UG3973S,M,,0,60
3643133UG4934S,M,,0,58
3851111UG4935S,M,,0,58
14900A07700124,M,,0,57
4137329UG4943N,M,,0,57
0991702UG4919S,M,,0,56
1187657UG4918N,M,,0,56
1194811UG4919S,M,,0,56
1390408UG4919S,M,,0,56
1487201UG4918N,M,,0,56
1789302UG4918N,M,,0,56
4137338UG4943N,M,,0,56
4363101UG4946S,M,,0,56
4463101UG4946S,M,,0,56
3836614UG4933N,M,,0,55
4363501UG4946S,M,,0,55
4462201UG4946S,M,,0,55
5894202UG4959S,M,,0,55
3942219UG4934S,M,,0,54
4147375UG4944N,M,,0,54
4291043UG5949S,M,,0,54
4301601UG3940S,M,,0,54
4452113UG4945S,M,,0,53
4463201UG4946S,M,,0,53
4971205UH4047S,M,,0,52
4971204UH4047S,M,,0,51
4973406UH4047S,M,,0,47
4226720UG4942N,M,,0,46
4452112UG4945S,M,,0,46
6200502UH4060S,M,,0,46
4657610UG4945N,M,,0,45
3844428UG4934S,M,,0,43
3639403UG4933N,M,,0,42
5996602UG4959N,M,,0,41
14900A07700123,M,,0,39
3948930UG4934N,M,,0,39
3639406UG4933N,M,,0,38
3942217UG4934S,M,,0,36
6098422UG4969N,M,,0,36
7229917UG3972N,M,,0,36
4062907UG4946S,M,,0,35
4137340UG4943N,M,,0,35
3844441UG4934S,M,,0,32
3942215UG4934S,M,,0,32
3942209UG4934S,M,,0,31
3873615UG4937S,M,,0,30
4137339UG4943N,M,,0,29
5397402UG4959N,M,,0,28
9771202UG3997S,M,,0,28
0309898UG3901S,M,,0,27
6199302UG4969N,M,,0,27
2899501UG5929N,M,,0,25
3000501UH5030S,M,,0,25
3402115UH5030S,M,,0,25
3100028UH3030S,M,,0,23
6001001UH4060S,M,,0,23
3338410UG4933N,M,,0,22
3844440UG4934S,M,,0,20
4062479UG4946S,M,,0,20
3802220UH5030S,M,,0,18
3942218UG4934S,M,,0,18
5899401UG4959N,M,,0,17
5097501UG4959N,M,,0,16
1063502UG4916S,M,,0,13
2083334UG4928S,M,,0,13
3639405UG4933N,M,,0,9
4689028UG5948N,M,,0,8
4689029UG5948N,M,,0,8
1477504UG4917N,M,,0,0
3196005UG3939N,M,,0,0
4252614UG4945S,M,,0,0
